;Fecha;Equipo Local;Equipo Visitante;Estadio;Partido ID;URL
0;2025-05-25Z;Villarreal;Sevilla;;9pnpb9fgb07cjgi3tpo9pesr8;https://www.scoresway.com/en_GB/soccer/primera-division-2024-2025/4x7uzww3jur4re7sgt3mslyj8/match/view/9pnpb9fgb07cjgi3tpo9pesr8/player-stats
1;2025-05-25Z;Rayo Vallecano;Mallorca;;9p5ge07j60hwe6c5gxq6848wk;https://www.scoresway.com/en_GB/soccer/primera-division-2024-2025/4x7uzww3jur4re7sgt3mslyj8/match/view/9p5ge07j60hwe6c5gxq6848wk/player-stats
2;2025-05-25Z;Getafe;Celta de Vigo;;9ongy8h8d8jmbb4pxkkeimsyc;https://www.scoresway.com/en_GB/soccer/primera-division-2024-2025/4x7uzww3jur4re7sgt3mslyj8/match/view/9ongy8h8d8jmbb4pxkkeimsyc/player-stats
3;2025-05-25Z;Girona;Atlético Madrid;;9o79ffn6khv6rutsdno6yh9uc;https://www.scoresway.com/en_GB/soccer/primera-division-2024-2025/4x7uzww3jur4re7sgt3mslyj8/match/view/9o79ffn6khv6rutsdno6yh9uc/player-stats
4;2025-05-25Z;Espanyol;Las Palmas;;9nrr908zd8ou14re1nckzvj84;https://www.scoresway.com/en_GB/soccer/primera-division-2024-2025/4x7uzww3jur4re7sgt3mslyj8/match/view/9nrr908zd8ou14re1nckzvj84/player-stats
5;2025-05-25Z;Leganés;Real Valladolid;;9ncf3apey31cqevqfiuzefoyc;https://www.scoresway.com/en_GB/soccer/primera-division-2024-2025/4x7uzww3jur4re7sgt3mslyj8/match/view/9ncf3apey31cqevqfiuzefoyc/player-stats
6;2025-05-25Z;Deportivo Alavés;Osasuna;;9mxwiv3sxbnzx0kjk8lgm7jtg;https://www.scoresway.com/en_GB/soccer/primera-division-2024-2025/4x7uzww3jur4re7sgt3mslyj8/match/view/9mxwiv3sxbnzx0kjk8lgm7jtg/player-stats
7;2025-05-25Z;Real Madrid;Real Sociedad;;9mjlpf87pxs1s8u6gnfsqgkk4;https://www.scoresway.com/en_GB/soccer/primera-division-2024-2025/4x7uzww3jur4re7sgt3mslyj8/match/view/9mjlpf87pxs1s8u6gnfsqgkk4/player-stats
8;2025-05-25Z;Real Betis;Valencia;;9m2wfdv7rfamy33zbetujbndg;https://www.scoresway.com/en_GB/soccer/primera-division-2024-2025/4x7uzww3jur4re7sgt3mslyj8/match/view/9m2wfdv7rfamy33zbetujbndg/player-stats
9;2025-05-25Z;Athletic Club;Barcelona;;9lnqs15tkvrgup74sjpchfkes;https://www.scoresway.com/en_GB/soccer/primera-division-2024-2025/4x7uzww3jur4re7sgt3mslyj8/match/view/9lnqs15tkvrgup74sjpchfkes/player-stats
10;2025-05-18Z;Osasuna;Espanyol;;9la1uxyxrz4m35038kcxzgob8;https://www.scoresway.com/en_GB/soccer/primera-division-2024-2025/4x7uzww3jur4re7sgt3mslyj8/match/view/9la1uxyxrz4m35038kcxzgob8/player-stats
11;2025-05-18Z;Las Palmas;Leganés;;9kvv3elucbullikg8m1xgxq1g;https://www.scoresway.com/en_GB/soccer/primera-division-2024-2025/4x7uzww3jur4re7sgt3mslyj8/match/view/9kvv3elucbullikg8m1xgxq1g/player-stats
12;2025-05-18Z;Real Valladolid;Deportivo Alavés;;9kh7bepwdl81dzjvyhu85y8t0;https://www.scoresway.com/en_GB/soccer/primera-division-2024-2025/4x7uzww3jur4re7sgt3mslyj8/match/view/9kh7bepwdl81dzjvyhu85y8t0/player-stats
13;2025-05-18Z;Sevilla;Real Madrid;;9k2lcpit2c3iaegde42bu3uac;https://www.scoresway.com/en_GB/soccer/primera-division-2024-2025/4x7uzww3jur4re7sgt3mslyj8/match/view/9k2lcpit2c3iaegde42bu3uac/player-stats
14;2025-05-18Z;Real Sociedad;Girona;;9jo3uft2gpl7yksy7aj3f81sk;https://www.scoresway.com/en_GB/soccer/primera-division-2024-2025/4x7uzww3jur4re7sgt3mslyj8/match/view/9jo3uft2gpl7yksy7aj3f81sk/player-stats
15;2025-05-18Z;Mallorca;Getafe;;9j9iyih0tlfrn20g0e6m8cbo4;https://www.scoresway.com/en_GB/soccer/primera-division-2024-2025/4x7uzww3jur4re7sgt3mslyj8/match/view/9j9iyih0tlfrn20g0e6m8cbo4/player-stats
16;2025-05-18Z;Valencia;Athletic Club;;9iur3bcdqm51h9du4qvke6mms;https://www.scoresway.com/en_GB/soccer/primera-division-2024-2025/4x7uzww3jur4re7sgt3mslyj8/match/view/9iur3bcdqm51h9du4qvke6mms/player-stats
17;2025-05-18Z;Celta de Vigo;Rayo Vallecano;;9ig9wvatwknucjj2b12t65ono;https://www.scoresway.com/en_GB/soccer/primera-division-2024-2025/4x7uzww3jur4re7sgt3mslyj8/match/view/9ig9wvatwknucjj2b12t65ono/player-stats
18;2025-05-18Z;Barcelona;Villarreal;;9i1m7ysivkta7uiumut5nnl78;https://www.scoresway.com/en_GB/soccer/primera-division-2024-2025/4x7uzww3jur4re7sgt3mslyj8/match/view/9i1m7ysivkta7uiumut5nnl78/player-stats
19;2025-05-18Z;Atlético Madrid;Real Betis;;9hn1yf521xobkjpkhg0n2t6vo;https://www.scoresway.com/en_GB/soccer/primera-division-2024-2025/4x7uzww3jur4re7sgt3mslyj8/match/view/9hn1yf521xobkjpkhg0n2t6vo/player-stats
20;2025-05-15Z;Getafe;Athletic Club;;9ech4k0zpjcq8tdzzshdru2ac;https://www.scoresway.com/en_GB/soccer/primera-division-2024-2025/4x7uzww3jur4re7sgt3mslyj8/match/view/9ech4k0zpjcq8tdzzshdru2ac/player-stats
21;2025-05-15Z;Espanyol;Barcelona;;9dyms4e8elozr1547fsy1gnx0;https://www.scoresway.com/en_GB/soccer/primera-division-2024-2025/4x7uzww3jur4re7sgt3mslyj8/match/view/9dyms4e8elozr1547fsy1gnx0/player-stats
22;2025-05-15Z;Rayo Vallecano;Real Betis;;9f5gojqhjfhmzdsacczb8olck;https://www.scoresway.com/en_GB/soccer/primera-division-2024-2025/4x7uzww3jur4re7sgt3mslyj8/match/view/9f5gojqhjfhmzdsacczb8olck/player-stats
23;2025-05-15Z;Osasuna;Atlético Madrid;;9er1r7v64azavprsud6qffj84;https://www.scoresway.com/en_GB/soccer/primera-division-2024-2025/4x7uzww3jur4re7sgt3mslyj8/match/view/9er1r7v64azavprsud6qffj84/player-stats
24;2025-05-14Z;Real Madrid;Mallorca;;9gd2pazo2arjtxyhatgsbotg4;https://www.scoresway.com/en_GB/soccer/primera-division-2024-2025/4x7uzww3jur4re7sgt3mslyj8/match/view/9gd2pazo2arjtxyhatgsbotg4/player-stats
25;2025-05-14Z;Villarreal;Leganés;;9h8f73snu15mi2ajd09ybiz9w;https://www.scoresway.com/en_GB/soccer/primera-division-2024-2025/4x7uzww3jur4re7sgt3mslyj8/match/view/9h8f73snu15mi2ajd09ybiz9w/player-stats
26;2025-05-14Z;Deportivo Alavés;Valencia;;9dl0bvebb1rl6cqc6d75vd6ok;https://www.scoresway.com/en_GB/soccer/primera-division-2024-2025/4x7uzww3jur4re7sgt3mslyj8/match/view/9dl0bvebb1rl6cqc6d75vd6ok/player-stats
27;2025-05-13Z;Sevilla;Las Palmas;;9gtznjshafb86gci18ma5nnys;https://www.scoresway.com/en_GB/soccer/primera-division-2024-2025/4x7uzww3jur4re7sgt3mslyj8/match/view/9gtznjshafb86gci18ma5nnys/player-stats
28;2025-05-13Z;Real Sociedad;Celta de Vigo;;9fk4d84wjwf9ga9fuss0541lg;https://www.scoresway.com/en_GB/soccer/primera-division-2024-2025/4x7uzww3jur4re7sgt3mslyj8/match/view/9fk4d84wjwf9ga9fuss0541lg/player-stats
29;2025-05-13Z;Real Valladolid;Girona;;9fymh8pbm5f73c31qqwpa6z9w;https://www.scoresway.com/en_GB/soccer/primera-division-2024-2025/4x7uzww3jur4re7sgt3mslyj8/match/view/9fymh8pbm5f73c31qqwpa6z9w/player-stats
30;2025-05-11Z;Real Betis;Osasuna;;9ab46aszksv5hfm8cg0ne8r9w;https://www.scoresway.com/en_GB/soccer/primera-division-2024-2025/4x7uzww3jur4re7sgt3mslyj8/match/view/9ab46aszksv5hfm8cg0ne8r9w/player-stats
31;2025-05-11Z;Athletic Club;Deportivo Alavés;;9csqa5fk51511i4abnz7wcyl0;https://www.scoresway.com/en_GB/soccer/primera-division-2024-2025/4x7uzww3jur4re7sgt3mslyj8/match/view/9csqa5fk51511i4abnz7wcyl0/player-stats
32;2025-05-11Z;Barcelona;Real Madrid;;99wedij17mim6jt5gz6035a8k;https://www.scoresway.com/en_GB/soccer/primera-division-2024-2025/4x7uzww3jur4re7sgt3mslyj8/match/view/99wedij17mim6jt5gz6035a8k/player-stats
33;2025-05-11Z;Leganés;Espanyol;;9d6h5n8klz2wwpxdb9tg4i6ms;https://www.scoresway.com/en_GB/soccer/primera-division-2024-2025/4x7uzww3jur4re7sgt3mslyj8/match/view/9d6h5n8klz2wwpxdb9tg4i6ms/player-stats
34;2025-05-10Z;Atlético Madrid;Real Sociedad;;99hoqeg2wb9f0v0ppqjs29ogk;https://www.scoresway.com/en_GB/soccer/primera-division-2024-2025/4x7uzww3jur4re7sgt3mslyj8/match/view/99hoqeg2wb9f0v0ppqjs29ogk/player-stats
35;2025-05-10Z;Mallorca;Real Valladolid;;9bl535pupa8sjb2pda2pfdmhg;https://www.scoresway.com/en_GB/soccer/primera-division-2024-2025/4x7uzww3jur4re7sgt3mslyj8/match/view/9bl535pupa8sjb2pda2pfdmhg/player-stats
36;2025-05-10Z;Girona;Villarreal;;9b4gmdz3l5hikx3elyl2dol5g;https://www.scoresway.com/en_GB/soccer/primera-division-2024-2025/4x7uzww3jur4re7sgt3mslyj8/match/view/9b4gmdz3l5hikx3elyl2dol5g/player-stats
37;2025-05-10Z;Celta de Vigo;Sevilla;;9apu2617tss9twcri6onxpono;https://www.scoresway.com/en_GB/soccer/primera-division-2024-2025/4x7uzww3jur4re7sgt3mslyj8/match/view/9apu2617tss9twcri6onxpono/player-stats
38;2025-05-10Z;Valencia;Getafe;;9ceabf798rk2714y1xucqsy6s;https://www.scoresway.com/en_GB/soccer/primera-division-2024-2025/4x7uzww3jur4re7sgt3mslyj8/match/view/9ceabf798rk2714y1xucqsy6s/player-stats
39;2025-05-09Z;Las Palmas;Rayo Vallecano;;9bzrosfvtegqfce71tgacc1ec;https://www.scoresway.com/en_GB/soccer/primera-division-2024-2025/4x7uzww3jur4re7sgt3mslyj8/match/view/9bzrosfvtegqfce71tgacc1ec/player-stats
40;2025-05-05Z;Girona;Mallorca;;95dviwirap0bd0rg4vch45fkk;https://www.scoresway.com/en_GB/soccer/primera-division-2024-2025/4x7uzww3jur4re7sgt3mslyj8/match/view/95dviwirap0bd0rg4vch45fkk/player-stats
41;2025-05-04Z;Real Sociedad;Athletic Club;;971nj92pert18qtmswyw51es4;https://www.scoresway.com/en_GB/soccer/primera-division-2024-2025/4x7uzww3jur4re7sgt3mslyj8/match/view/971nj92pert18qtmswyw51es4/player-stats
42;2025-05-04Z;Espanyol;Real Betis;;96nnxbt6zgwq7cagxb7f469lg;https://www.scoresway.com/en_GB/soccer/primera-division-2024-2025/4x7uzww3jur4re7sgt3mslyj8/match/view/96nnxbt6zgwq7cagxb7f469lg/player-stats
43;2025-05-04Z;Sevilla;Leganés;;9937pwmjvb7vcrkomi1h90xec;https://www.scoresway.com/en_GB/soccer/primera-division-2024-2025/4x7uzww3jur4re7sgt3mslyj8/match/view/9937pwmjvb7vcrkomi1h90xec/player-stats
44;2025-05-04Z;Real Madrid;Celta de Vigo;;97v3mgeh2ohu37oere4xnk93o;https://www.scoresway.com/en_GB/soccer/primera-division-2024-2025/4x7uzww3jur4re7sgt3mslyj8/match/view/97v3mgeh2ohu37oere4xnk93o/player-stats
45;2025-05-03Z;Real Valladolid;Barcelona;;97g67vizt3iiut389n7kduc5w;https://www.scoresway.com/en_GB/soccer/primera-division-2024-2025/4x7uzww3jur4re7sgt3mslyj8/match/view/97g67vizt3iiut389n7kduc5w/player-stats
46;2025-05-03Z;Las Palmas;Valencia;;95uvp7qevwjqssu70tzkcnuhg;https://www.scoresway.com/en_GB/soccer/primera-division-2024-2025/4x7uzww3jur4re7sgt3mslyj8/match/view/95uvp7qevwjqssu70tzkcnuhg/player-stats
47;2025-05-03Z;Villarreal;Osasuna;;98ogauprimjykil09rvk7i2vo;https://www.scoresway.com/en_GB/soccer/primera-division-2024-2025/4x7uzww3jur4re7sgt3mslyj8/match/view/98ogauprimjykil09rvk7i2vo/player-stats
48;2025-05-03Z;Deportivo Alavés;Atlético Madrid;;969hhzciz01qzn5bc8o13vy8k;https://www.scoresway.com/en_GB/soccer/primera-division-2024-2025/4x7uzww3jur4re7sgt3mslyj8/match/view/969hhzciz01qzn5bc8o13vy8k/player-stats
49;2025-05-02Z;Rayo Vallecano;Getafe;;989qg6l5nsg0qiz5uqcg31y50;https://www.scoresway.com/en_GB/soccer/primera-division-2024-2025/4x7uzww3jur4re7sgt3mslyj8/match/view/989qg6l5nsg0qiz5uqcg31y50/player-stats
50;2025-04-27Z;Villarreal;Espanyol;;8cbdlyq0emzi4kmcv6lm40hsk;https://www.scoresway.com/en_GB/soccer/primera-division-2024-2025/4x7uzww3jur4re7sgt3mslyj8/match/view/8cbdlyq0emzi4kmcv6lm40hsk/player-stats
51;2025-04-24Z;Real Betis;Real Valladolid;;92kh3i90bwjl8upso5wdxbuvo;https://www.scoresway.com/en_GB/soccer/primera-division-2024-2025/4x7uzww3jur4re7sgt3mslyj8/match/view/92kh3i90bwjl8upso5wdxbuvo/player-stats
52;2025-04-24Z;Atlético Madrid;Rayo Vallecano;;91qf3zxzh7fd66nagrft9gn4k;https://www.scoresway.com/en_GB/soccer/primera-division-2024-2025/4x7uzww3jur4re7sgt3mslyj8/match/view/91qf3zxzh7fd66nagrft9gn4k/player-stats
53;2025-04-24Z;Leganés;Girona;;94m5solpfdfvrnmf3461jjeac;https://www.scoresway.com/en_GB/soccer/primera-division-2024-2025/4x7uzww3jur4re7sgt3mslyj8/match/view/94m5solpfdfvrnmf3461jjeac/player-stats
54;2025-04-24Z;Osasuna;Sevilla;;93sqxd9xz44v7lb3dujs72gb8;https://www.scoresway.com/en_GB/soccer/primera-division-2024-2025/4x7uzww3jur4re7sgt3mslyj8/match/view/93sqxd9xz44v7lb3dujs72gb8/player-stats
55;2025-04-23Z;Deportivo Alavés;Real Sociedad;;947bt4f8ccsriyfkvj0dad7o4;https://www.scoresway.com/en_GB/soccer/primera-division-2024-2025/4x7uzww3jur4re7sgt3mslyj8/match/view/947bt4f8ccsriyfkvj0dad7o4/player-stats
56;2025-04-23Z;Getafe;Real Madrid;;93e5i5umz8cmtb35x8nqgoqvo;https://www.scoresway.com/en_GB/soccer/primera-division-2024-2025/4x7uzww3jur4re7sgt3mslyj8/match/view/93e5i5umz8cmtb35x8nqgoqvo/player-stats
57;2025-04-23Z;Celta de Vigo;Villarreal;;92zdkm87bm97rkiruvlm0x6ac;https://www.scoresway.com/en_GB/soccer/primera-division-2024-2025/4x7uzww3jur4re7sgt3mslyj8/match/view/92zdkm87bm97rkiruvlm0x6ac/player-stats
58;2025-04-23Z;Athletic Club;Las Palmas;;91ba97w4il2efb9td3tpomm8k;https://www.scoresway.com/en_GB/soccer/primera-division-2024-2025/4x7uzww3jur4re7sgt3mslyj8/match/view/91ba97w4il2efb9td3tpomm8k/player-stats
59;2025-04-22Z;Barcelona;Mallorca;;925mmanmqg3m7knzrj2xxnvv8;https://www.scoresway.com/en_GB/soccer/primera-division-2024-2025/4x7uzww3jur4re7sgt3mslyj8/match/view/925mmanmqg3m7knzrj2xxnvv8/player-stats
60;2025-04-22Z;Valencia;Espanyol;;94zt8zqmyu5q5mwl96f0xlvys;https://www.scoresway.com/en_GB/soccer/primera-division-2024-2025/4x7uzww3jur4re7sgt3mslyj8/match/view/94zt8zqmyu5q5mwl96f0xlvys/player-stats
61;2025-04-21Z;Girona;Real Betis;;8z7tk885lpg10k575u2ruwaac;https://www.scoresway.com/en_GB/soccer/primera-division-2024-2025/4x7uzww3jur4re7sgt3mslyj8/match/view/8z7tk885lpg10k575u2ruwaac/player-stats
62;2025-04-20Z;Real Madrid;Athletic Club;;8ye4m69n2dy10tjfech16y4no;https://www.scoresway.com/en_GB/soccer/primera-division-2024-2025/4x7uzww3jur4re7sgt3mslyj8/match/view/8ye4m69n2dy10tjfech16y4no/player-stats
63;2025-04-20Z;Sevilla;Deportivo Alavés;;90i7vg7e71tp11q7nimk6sj6c;https://www.scoresway.com/en_GB/soccer/primera-division-2024-2025/4x7uzww3jur4re7sgt3mslyj8/match/view/90i7vg7e71tp11q7nimk6sj6c/player-stats
64;2025-04-20Z;Villarreal;Real Sociedad;;901qdc2dqthz3tebq3c0qp6ac;https://www.scoresway.com/en_GB/soccer/primera-division-2024-2025/4x7uzww3jur4re7sgt3mslyj8/match/view/901qdc2dqthz3tebq3c0qp6ac/player-stats
65;2025-04-20Z;Real Valladolid;Osasuna;;8zn8g5ihytsb0ohcq26lmj47o;https://www.scoresway.com/en_GB/soccer/primera-division-2024-2025/4x7uzww3jur4re7sgt3mslyj8/match/view/8zn8g5ihytsb0ohcq26lmj47o/player-stats
66;2025-04-19Z;Las Palmas;Atlético Madrid;;8ysy191jvijh5nmpfovw7jklw;https://www.scoresway.com/en_GB/soccer/primera-division-2024-2025/4x7uzww3jur4re7sgt3mslyj8/match/view/8ysy191jvijh5nmpfovw7jklw/player-stats
67;2025-04-19Z;Mallorca;Leganés;;90wujsngje89vuhbkjsd0qm1g;https://www.scoresway.com/en_GB/soccer/primera-division-2024-2025/4x7uzww3jur4re7sgt3mslyj8/match/view/90wujsngje89vuhbkjsd0qm1g/player-stats
68;2025-04-19Z;Barcelona;Celta de Vigo;;8x7mcbpn21f4ksv8chxkj9es4;https://www.scoresway.com/en_GB/soccer/primera-division-2024-2025/4x7uzww3jur4re7sgt3mslyj8/match/view/8x7mcbpn21f4ksv8chxkj9es4/player-stats
69;2025-04-19Z;Rayo Vallecano;Valencia;;8xmgbdyvwbepcwocxxmlbul90;https://www.scoresway.com/en_GB/soccer/primera-division-2024-2025/4x7uzww3jur4re7sgt3mslyj8/match/view/8xmgbdyvwbepcwocxxmlbul90/player-stats
70;2025-04-18Z;Espanyol;Getafe;;8y05x1kqvdklpq7ackithzndg;https://www.scoresway.com/en_GB/soccer/primera-division-2024-2025/4x7uzww3jur4re7sgt3mslyj8/match/view/8y05x1kqvdklpq7ackithzndg/player-stats
71;2025-04-14Z;Atlético Madrid;Real Valladolid;;8tj3arn22gtg40mbo1rl7uvis;https://www.scoresway.com/en_GB/soccer/primera-division-2024-2025/4x7uzww3jur4re7sgt3mslyj8/match/view/8tj3arn22gtg40mbo1rl7uvis/player-stats
72;2025-04-13Z;Athletic Club;Rayo Vallecano;;8t45zj3tuzxwoqqclbilgwufo;https://www.scoresway.com/en_GB/soccer/primera-division-2024-2025/4x7uzww3jur4re7sgt3mslyj8/match/view/8t45zj3tuzxwoqqclbilgwufo/player-stats
73;2025-04-13Z;Real Betis;Villarreal;;8txwx10p8k9zbphq5kzuql3bo;https://www.scoresway.com/en_GB/soccer/primera-division-2024-2025/4x7uzww3jur4re7sgt3mslyj8/match/view/8txwx10p8k9zbphq5kzuql3bo/player-stats
74;2025-04-13Z;Deportivo Alavés;Real Madrid;;8utet1xsynpyxprrtaul6ii38;https://www.scoresway.com/en_GB/soccer/primera-division-2024-2025/4x7uzww3jur4re7sgt3mslyj8/match/view/8utet1xsynpyxprrtaul6ii38/player-stats
75;2025-04-13Z;Osasuna;Girona;;8vmhfp1fr3orva2g63ecs172s;https://www.scoresway.com/en_GB/soccer/primera-division-2024-2025/4x7uzww3jur4re7sgt3mslyj8/match/view/8vmhfp1fr3orva2g63ecs172s/player-stats
76;2025-04-12Z;Leganés;Barcelona;;8v82f5y7wxjodibj54hl5beac;https://www.scoresway.com/en_GB/soccer/primera-division-2024-2025/4x7uzww3jur4re7sgt3mslyj8/match/view/8v82f5y7wxjodibj54hl5beac/player-stats
77;2025-04-12Z;Celta de Vigo;Espanyol;;8wtt2xjl4hvd598k87lwib310;https://www.scoresway.com/en_GB/soccer/primera-division-2024-2025/4x7uzww3jur4re7sgt3mslyj8/match/view/8wtt2xjl4hvd598k87lwib310/player-stats
78;2025-04-12Z;Getafe;Las Palmas;;8ucjchu6l1cr4kyb9kqp6sljo;https://www.scoresway.com/en_GB/soccer/primera-division-2024-2025/4x7uzww3jur4re7sgt3mslyj8/match/view/8ucjchu6l1cr4kyb9kqp6sljo/player-stats
79;2025-04-12Z;Real Sociedad;Mallorca;;8w0txfb6jriswx7i0q1lmtdzo;https://www.scoresway.com/en_GB/soccer/primera-division-2024-2025/4x7uzww3jur4re7sgt3mslyj8/match/view/8w0txfb6jriswx7i0q1lmtdzo/player-stats
80;2025-04-11Z;Valencia;Sevilla;;8wfwjnvw6penth58inylw62hg;https://www.scoresway.com/en_GB/soccer/primera-division-2024-2025/4x7uzww3jur4re7sgt3mslyj8/match/view/8wfwjnvw6penth58inylw62hg/player-stats
81;2025-04-07Z;Leganés;Osasuna;;8qadqoqsz3s7uhml5c2p6gnpw;https://www.scoresway.com/en_GB/soccer/primera-division-2024-2025/4x7uzww3jur4re7sgt3mslyj8/match/view/8qadqoqsz3s7uhml5c2p6gnpw/player-stats
82;2025-04-06Z;Villarreal;Athletic Club;;8qp7g3mwck1ub9wtv5wfa7wgk;https://www.scoresway.com/en_GB/soccer/primera-division-2024-2025/4x7uzww3jur4re7sgt3mslyj8/match/view/8qp7g3mwck1ub9wtv5wfa7wgk/player-stats
83;2025-04-06Z;Real Valladolid;Getafe;;8rxlb9u73dy66jrygywczq39w;https://www.scoresway.com/en_GB/soccer/primera-division-2024-2025/4x7uzww3jur4re7sgt3mslyj8/match/view/8rxlb9u73dy66jrygywczq39w/player-stats
84;2025-04-06Z;Sevilla;Atlético Madrid;;8r3zvhi1dd8spmmjtap8e84d0;https://www.scoresway.com/en_GB/soccer/primera-division-2024-2025/4x7uzww3jur4re7sgt3mslyj8/match/view/8r3zvhi1dd8spmmjtap8e84d0/player-stats
85;2025-04-06Z;Las Palmas;Real Sociedad;;8pvl7194q8ewxbxmhwgaz649g;https://www.scoresway.com/en_GB/soccer/primera-division-2024-2025/4x7uzww3jur4re7sgt3mslyj8/match/view/8pvl7194q8ewxbxmhwgaz649g/player-stats
86;2025-04-05Z;Barcelona;Real Betis;;8p0bnjv8wf1l8ikryg5my46xg;https://www.scoresway.com/en_GB/soccer/primera-division-2024-2025/4x7uzww3jur4re7sgt3mslyj8/match/view/8p0bnjv8wf1l8ikryg5my46xg/player-stats
87;2025-04-05Z;Mallorca;Celta de Vigo;;8rioenh1q84kna533p0hzc3ys;https://www.scoresway.com/en_GB/soccer/primera-division-2024-2025/4x7uzww3jur4re7sgt3mslyj8/match/view/8rioenh1q84kna533p0hzc3ys/player-stats
88;2025-04-05Z;Real Madrid;Valencia;;8ph6vm7kina2mf7w8f2qpn7dg;https://www.scoresway.com/en_GB/soccer/primera-division-2024-2025/4x7uzww3jur4re7sgt3mslyj8/match/view/8ph6vm7kina2mf7w8f2qpn7dg/player-stats
89;2025-04-05Z;Girona;Deportivo Alavés;;8sci4stpiszrmzeh8au67mot0;https://www.scoresway.com/en_GB/soccer/primera-division-2024-2025/4x7uzww3jur4re7sgt3mslyj8/match/view/8sci4stpiszrmzeh8au67mot0/player-stats
90;2025-04-04Z;Rayo Vallecano;Espanyol;;8sq7xhwy7rjqnmqr72zm6ldlg;https://www.scoresway.com/en_GB/soccer/primera-division-2024-2025/4x7uzww3jur4re7sgt3mslyj8/match/view/8sq7xhwy7rjqnmqr72zm6ldlg/player-stats
91;2025-03-31Z;Celta de Vigo;Las Palmas;;8m68cbggtviduhl5hvkldzbis;https://www.scoresway.com/en_GB/soccer/primera-division-2024-2025/4x7uzww3jur4re7sgt3mslyj8/match/view/8m68cbggtviduhl5hvkldzbis/player-stats
92;2025-03-30Z;Real Betis;Sevilla;;8lrhvu4opua00dv6liq9gqfpw;https://www.scoresway.com/en_GB/soccer/primera-division-2024-2025/4x7uzww3jur4re7sgt3mslyj8/match/view/8lrhvu4opua00dv6liq9gqfpw/player-stats
93;2025-03-30Z;Valencia;Mallorca;;8o7buanvu6dstbrs9k0kxzeok;https://www.scoresway.com/en_GB/soccer/primera-division-2024-2025/4x7uzww3jur4re7sgt3mslyj8/match/view/8o7buanvu6dstbrs9k0kxzeok/player-stats
94;2025-03-30Z;Athletic Club;Osasuna;;8kxymwvv9he4yl9go7tp59wk4;https://www.scoresway.com/en_GB/soccer/primera-division-2024-2025/4x7uzww3jur4re7sgt3mslyj8/match/view/8kxymwvv9he4yl9go7tp59wk4/player-stats
95;2025-03-30Z;Barcelona;Girona;;8lcjhyfefdoz6tk2pohcq0xzo;https://www.scoresway.com/en_GB/soccer/primera-division-2024-2025/4x7uzww3jur4re7sgt3mslyj8/match/view/8lcjhyfefdoz6tk2pohcq0xzo/player-stats
96;2025-03-30Z;Getafe;Villarreal;;8mlcby1fggdt6heyo1dx00sus;https://www.scoresway.com/en_GB/soccer/primera-division-2024-2025/4x7uzww3jur4re7sgt3mslyj8/match/view/8mlcby1fggdt6heyo1dx00sus/player-stats
97;2025-03-29Z;Real Madrid;Leganés;;8olwirkuw3xk96xijujys800k;https://www.scoresway.com/en_GB/soccer/primera-division-2024-2025/4x7uzww3jur4re7sgt3mslyj8/match/view/8olwirkuw3xk96xijujys800k/player-stats
98;2025-03-29Z;Deportivo Alavés;Rayo Vallecano;;8new10i3n3whltnm49fm446j8;https://www.scoresway.com/en_GB/soccer/primera-division-2024-2025/4x7uzww3jur4re7sgt3mslyj8/match/view/8new10i3n3whltnm49fm446j8/player-stats
99;2025-03-29Z;Espanyol;Atlético Madrid;;8nsqgpwxomfhp84bdm0c0lw5w;https://www.scoresway.com/en_GB/soccer/primera-division-2024-2025/4x7uzww3jur4re7sgt3mslyj8/match/view/8nsqgpwxomfhp84bdm0c0lw5w/player-stats
100;2025-03-29Z;Real Sociedad;Real Valladolid;;8mzupl49voov2clns94jpptec;https://www.scoresway.com/en_GB/soccer/primera-division-2024-2025/4x7uzww3jur4re7sgt3mslyj8/match/view/8mzupl49voov2clns94jpptec/player-stats
101;2025-03-27Z;Barcelona;Osasuna;;8d3wder6umt4v3o2bi07n8vtg;https://www.scoresway.com/en_GB/soccer/primera-division-2024-2025/4x7uzww3jur4re7sgt3mslyj8/match/view/8d3wder6umt4v3o2bi07n8vtg/player-stats
102;2025-03-16Z;Atlético Madrid;Barcelona;;8gsx1pem8fisxdahkej1m7vo4;https://www.scoresway.com/en_GB/soccer/primera-division-2024-2025/4x7uzww3jur4re7sgt3mslyj8/match/view/8gsx1pem8fisxdahkej1m7vo4/player-stats
103;2025-03-16Z;Osasuna;Getafe;;8ja868anwy6mfd7sbsyt8uyhg;https://www.scoresway.com/en_GB/soccer/primera-division-2024-2025/4x7uzww3jur4re7sgt3mslyj8/match/view/8ja868anwy6mfd7sbsyt8uyhg/player-stats
104;2025-03-16Z;Rayo Vallecano;Real Sociedad;;8hm12bumoms20zi4sxh8hvt3o;https://www.scoresway.com/en_GB/soccer/primera-division-2024-2025/4x7uzww3jur4re7sgt3mslyj8/match/view/8hm12bumoms20zi4sxh8hvt3o/player-stats
105;2025-03-16Z;Sevilla;Athletic Club;;8i0saummm2wun952jbz9r9yj8;https://www.scoresway.com/en_GB/soccer/primera-division-2024-2025/4x7uzww3jur4re7sgt3mslyj8/match/view/8i0saummm2wun952jbz9r9yj8/player-stats
106;2025-03-16Z;Leganés;Real Betis;;8ifr63i44ucpfcdlc4rktuyac;https://www.scoresway.com/en_GB/soccer/primera-division-2024-2025/4x7uzww3jur4re7sgt3mslyj8/match/view/8ifr63i44ucpfcdlc4rktuyac/player-stats
107;2025-03-15Z;Girona;Valencia;;8h7f7xk5r7g4jymjwuwyxnifo;https://www.scoresway.com/en_GB/soccer/primera-division-2024-2025/4x7uzww3jur4re7sgt3mslyj8/match/view/8h7f7xk5r7g4jymjwuwyxnifo/player-stats
108;2025-03-15Z;Villarreal;Real Madrid;;8jr94pv7fohrjpmts0rg8rthw;https://www.scoresway.com/en_GB/soccer/primera-division-2024-2025/4x7uzww3jur4re7sgt3mslyj8/match/view/8jr94pv7fohrjpmts0rg8rthw/player-stats
109;2025-03-15Z;Mallorca;Espanyol;;8kjrw0zprkg3du97i4o7cr11w;https://www.scoresway.com/en_GB/soccer/primera-division-2024-2025/4x7uzww3jur4re7sgt3mslyj8/match/view/8kjrw0zprkg3du97i4o7cr11w/player-stats
110;2025-03-15Z;Real Valladolid;Celta de Vigo;;8ivef8ncftigc184htucul79w;https://www.scoresway.com/en_GB/soccer/primera-division-2024-2025/4x7uzww3jur4re7sgt3mslyj8/match/view/8ivef8ncftigc184htucul79w/player-stats
111;2025-03-14Z;Las Palmas;Deportivo Alavés;;8k5sbfy6dhtz9xti99ltg7tp0;https://www.scoresway.com/en_GB/soccer/primera-division-2024-2025/4x7uzww3jur4re7sgt3mslyj8/match/view/8k5sbfy6dhtz9xti99ltg7tp0/player-stats
112;2025-03-10Z;Espanyol;Girona;;8fln9yjee5yi6zxj70ti79vdg;https://www.scoresway.com/en_GB/soccer/primera-division-2024-2025/4x7uzww3jur4re7sgt3mslyj8/match/view/8fln9yjee5yi6zxj70ti79vdg/player-stats
113;2025-03-09Z;Real Sociedad;Sevilla;;8edodbi4nfwnm24m5oltnn28k;https://www.scoresway.com/en_GB/soccer/primera-division-2024-2025/4x7uzww3jur4re7sgt3mslyj8/match/view/8edodbi4nfwnm24m5oltnn28k/player-stats
114;2025-03-09Z;Real Betis;Las Palmas;;8dilhvd3n2coseanzjz0qeq6s;https://www.scoresway.com/en_GB/soccer/primera-division-2024-2025/4x7uzww3jur4re7sgt3mslyj8/match/view/8dilhvd3n2coseanzjz0qeq6s/player-stats
115;2025-03-09Z;Athletic Club;Mallorca;;8cp5rdxe9vr09ktbvacykzcic;https://www.scoresway.com/en_GB/soccer/primera-division-2024-2025/4x7uzww3jur4re7sgt3mslyj8/match/view/8cp5rdxe9vr09ktbvacykzcic/player-stats
116;2025-03-09Z;Real Madrid;Rayo Vallecano;;8gecwi5jhceej0ha85ejrdc7o;https://www.scoresway.com/en_GB/soccer/primera-division-2024-2025/4x7uzww3jur4re7sgt3mslyj8/match/view/8gecwi5jhceej0ha85ejrdc7o/player-stats
117;2025-03-09Z;Getafe;Atlético Madrid;;8fzmljoq956mwg9qe5644z7ro;https://www.scoresway.com/en_GB/soccer/primera-division-2024-2025/4x7uzww3jur4re7sgt3mslyj8/match/view/8fzmljoq956mwg9qe5644z7ro/player-stats
118;2025-03-08Z;Valencia;Real Valladolid;;8es7cr53qzj0y5t39pgnbyxp0;https://www.scoresway.com/en_GB/soccer/primera-division-2024-2025/4x7uzww3jur4re7sgt3mslyj8/match/view/8es7cr53qzj0y5t39pgnbyxp0/player-stats
119;2025-03-08Z;Deportivo Alavés;Villarreal;;8f7bxni8pane7al666o5buexg;https://www.scoresway.com/en_GB/soccer/primera-division-2024-2025/4x7uzww3jur4re7sgt3mslyj8/match/view/8f7bxni8pane7al666o5buexg/player-stats
120;2025-03-08Z;Celta de Vigo;Leganés;;8dx9ckreb2k6g27ecbwlobwno;https://www.scoresway.com/en_GB/soccer/primera-division-2024-2025/4x7uzww3jur4re7sgt3mslyj8/match/view/8dx9ckreb2k6g27ecbwlobwno/player-stats
121;2025-03-02Z;Osasuna;Valencia;;89gnk5v9tfznpdwojgofbxct0;https://www.scoresway.com/en_GB/soccer/primera-division-2024-2025/4x7uzww3jur4re7sgt3mslyj8/match/view/89gnk5v9tfznpdwojgofbxct0/player-stats
122;2025-03-02Z;Mallorca;Deportivo Alavés;;8bx3falys5wttciui7af9whlg;https://www.scoresway.com/en_GB/soccer/primera-division-2024-2025/4x7uzww3jur4re7sgt3mslyj8/match/view/8bx3falys5wttciui7af9whlg/player-stats
123;2025-03-02Z;Barcelona;Real Sociedad;;88np6iwbs91y924kgsvxozyms;https://www.scoresway.com/en_GB/soccer/primera-division-2024-2025/4x7uzww3jur4re7sgt3mslyj8/match/view/88np6iwbs91y924kgsvxozyms/player-stats
124;2025-03-02Z;Leganés;Getafe;;8b3235tz8f46c36zklb458lxw;https://www.scoresway.com/en_GB/soccer/primera-division-2024-2025/4x7uzww3jur4re7sgt3mslyj8/match/view/8b3235tz8f46c36zklb458lxw/player-stats
125;2025-03-01Z;Atlético Madrid;Athletic Club;;8a9nbtw1q31hgrxcsje2hfp5g;https://www.scoresway.com/en_GB/soccer/primera-division-2024-2025/4x7uzww3jur4re7sgt3mslyj8/match/view/8a9nbtw1q31hgrxcsje2hfp5g/player-stats
126;2025-03-01Z;Real Betis;Real Madrid;;89253ytsdxs3tnvhkaws8ppn8;https://www.scoresway.com/en_GB/soccer/primera-division-2024-2025/4x7uzww3jur4re7sgt3mslyj8/match/view/89253ytsdxs3tnvhkaws8ppn8/player-stats
127;2025-03-01Z;Rayo Vallecano;Sevilla;;89v3ebdm3o1f4htfoglyvcwes;https://www.scoresway.com/en_GB/soccer/primera-division-2024-2025/4x7uzww3jur4re7sgt3mslyj8/match/view/89v3ebdm3o1f4htfoglyvcwes/player-stats
128;2025-03-01Z;Girona;Celta de Vigo;;8aoem249ccuf3d5l7gmc6jkt0;https://www.scoresway.com/en_GB/soccer/primera-division-2024-2025/4x7uzww3jur4re7sgt3mslyj8/match/view/8aoem249ccuf3d5l7gmc6jkt0/player-stats
129;2025-02-28Z;Real Valladolid;Las Palmas;;8bi74nufh1axsz7khao0fy6tw;https://www.scoresway.com/en_GB/soccer/primera-division-2024-2025/4x7uzww3jur4re7sgt3mslyj8/match/view/8bi74nufh1axsz7khao0fy6tw/player-stats
130;2025-02-24Z;Sevilla;Mallorca;;87sln5ll0hp78duo41shjjklw;https://www.scoresway.com/en_GB/soccer/primera-division-2024-2025/4x7uzww3jur4re7sgt3mslyj8/match/view/87sln5ll0hp78duo41shjjklw/player-stats
131;2025-02-23Z;Real Sociedad;Leganés;;8875ef7xht468qjedw12s3yms;https://www.scoresway.com/en_GB/soccer/primera-division-2024-2025/4x7uzww3jur4re7sgt3mslyj8/match/view/8875ef7xht468qjedw12s3yms/player-stats
132;2025-02-23Z;Getafe;Real Betis;;86z7rfrox65c4s9pwmqtmsf84;https://www.scoresway.com/en_GB/soccer/primera-division-2024-2025/4x7uzww3jur4re7sgt3mslyj8/match/view/86z7rfrox65c4s9pwmqtmsf84/player-stats
133;2025-02-23Z;Real Madrid;Girona;;87dty28ofjijzhoh6lgrdl53o;https://www.scoresway.com/en_GB/soccer/primera-division-2024-2025/4x7uzww3jur4re7sgt3mslyj8/match/view/87dty28ofjijzhoh6lgrdl53o/player-stats
134;2025-02-23Z;Athletic Club;Real Valladolid;;84l7elytkp94dkpl6pb4vcbv8;https://www.scoresway.com/en_GB/soccer/primera-division-2024-2025/4x7uzww3jur4re7sgt3mslyj8/match/view/84l7elytkp94dkpl6pb4vcbv8/player-stats
135;2025-02-22Z;Las Palmas;Barcelona;;86klhzqep9qq01p9h52iy0oic;https://www.scoresway.com/en_GB/soccer/primera-division-2024-2025/4x7uzww3jur4re7sgt3mslyj8/match/view/86klhzqep9qq01p9h52iy0oic/player-stats
136;2025-02-22Z;Valencia;Atlético Madrid;;865xvxn4hnce7w0jlu0lhpgr8;https://www.scoresway.com/en_GB/soccer/primera-division-2024-2025/4x7uzww3jur4re7sgt3mslyj8/match/view/865xvxn4hnce7w0jlu0lhpgr8/player-stats
137;2025-02-22Z;Rayo Vallecano;Villarreal;;85egxzytfjh8qop46h464w6qc;https://www.scoresway.com/en_GB/soccer/primera-division-2024-2025/4x7uzww3jur4re7sgt3mslyj8/match/view/85egxzytfjh8qop46h464w6qc/player-stats
138;2025-02-22Z;Deportivo Alavés;Espanyol;;85s3ynlfyhm3p36m9xmbwuvbo;https://www.scoresway.com/en_GB/soccer/primera-division-2024-2025/4x7uzww3jur4re7sgt3mslyj8/match/view/85s3ynlfyhm3p36m9xmbwuvbo/player-stats
139;2025-02-21Z;Celta de Vigo;Osasuna;;84zwqg09kuyfxreoho69edt04;https://www.scoresway.com/en_GB/soccer/primera-division-2024-2025/4x7uzww3jur4re7sgt3mslyj8/match/view/84zwqg09kuyfxreoho69edt04/player-stats
140;2025-02-17Z;Barcelona;Rayo Vallecano;;80ye7hght6b7q5782zl5b28es;https://www.scoresway.com/en_GB/soccer/primera-division-2024-2025/4x7uzww3jur4re7sgt3mslyj8/match/view/80ye7hght6b7q5782zl5b28es/player-stats
141;2025-02-16Z;Real Betis;Real Sociedad;;81csg2xrb8enr0r96y0cmm4gk;https://www.scoresway.com/en_GB/soccer/primera-division-2024-2025/4x7uzww3jur4re7sgt3mslyj8/match/view/81csg2xrb8enr0r96y0cmm4gk/player-stats
142;2025-02-16Z;Mallorca;Las Palmas;;83s5fyl2v6blujc8yk03up9g4;https://www.scoresway.com/en_GB/soccer/primera-division-2024-2025/4x7uzww3jur4re7sgt3mslyj8/match/view/83s5fyl2v6blujc8yk03up9g4/player-stats
143;2025-02-16Z;Real Valladolid;Sevilla;;82wyqxxgmi0au1sskzy88yr6c;https://www.scoresway.com/en_GB/soccer/primera-division-2024-2025/4x7uzww3jur4re7sgt3mslyj8/match/view/82wyqxxgmi0au1sskzy88yr6c/player-stats
144;2025-02-16Z;Espanyol;Athletic Club;;824szejz10ew517n9mffteqdw;https://www.scoresway.com/en_GB/soccer/primera-division-2024-2025/4x7uzww3jur4re7sgt3mslyj8/match/view/824szejz10ew517n9mffteqdw/player-stats
145;2025-02-15Z;Villarreal;Valencia;;83dm2h9fhljcaj9rp90w91wyc;https://www.scoresway.com/en_GB/soccer/primera-division-2024-2025/4x7uzww3jur4re7sgt3mslyj8/match/view/83dm2h9fhljcaj9rp90w91wyc/player-stats
146;2025-02-15Z;Atlético Madrid;Celta de Vigo;;80js4oly0rw6la91cot7pgidw;https://www.scoresway.com/en_GB/soccer/primera-division-2024-2025/4x7uzww3jur4re7sgt3mslyj8/match/view/80js4oly0rw6la91cot7pgidw/player-stats
147;2025-02-15Z;Osasuna;Real Madrid;;81r5ua1ndbll2jdmygw3gaxw4;https://www.scoresway.com/en_GB/soccer/primera-division-2024-2025/4x7uzww3jur4re7sgt3mslyj8/match/view/81r5ua1ndbll2jdmygw3gaxw4/player-stats
148;2025-02-15Z;Leganés;Deportivo Alavés;;846mtshiyv5znecequtv2prmc;https://www.scoresway.com/en_GB/soccer/primera-division-2024-2025/4x7uzww3jur4re7sgt3mslyj8/match/view/846mtshiyv5znecequtv2prmc/player-stats
149;2025-02-14Z;Girona;Getafe;;82ilhisp34uoj6m9glhej96vo;https://www.scoresway.com/en_GB/soccer/primera-division-2024-2025/4x7uzww3jur4re7sgt3mslyj8/match/view/82ilhisp34uoj6m9glhej96vo/player-stats
150;2025-02-10Z;Mallorca;Osasuna;;7wvbqb1bb18dxburmqytkb85w;https://www.scoresway.com/en_GB/soccer/primera-division-2024-2025/4x7uzww3jur4re7sgt3mslyj8/match/view/7wvbqb1bb18dxburmqytkb85w/player-stats
151;2025-02-09Z;Sevilla;Barcelona;;7yy8xa6195tztj8vew76h3xn8;https://www.scoresway.com/en_GB/soccer/primera-division-2024-2025/4x7uzww3jur4re7sgt3mslyj8/match/view/7yy8xa6195tztj8vew76h3xn8/player-stats
152;2025-02-09Z;Real Sociedad;Espanyol;;8057rh3fp43671kb15twiw5jo;https://www.scoresway.com/en_GB/soccer/primera-division-2024-2025/4x7uzww3jur4re7sgt3mslyj8/match/view/8057rh3fp43671kb15twiw5jo/player-stats
153;2025-02-09Z;Valencia;Leganés;;7zr9dqhztiq3bcl1iiv9mt4ic;https://www.scoresway.com/en_GB/soccer/primera-division-2024-2025/4x7uzww3jur4re7sgt3mslyj8/match/view/7zr9dqhztiq3bcl1iiv9mt4ic/player-stats
154;2025-02-09Z;Deportivo Alavés;Getafe;;7y52ewvtijlud8l9uok6j81sk;https://www.scoresway.com/en_GB/soccer/primera-division-2024-2025/4x7uzww3jur4re7sgt3mslyj8/match/view/7y52ewvtijlud8l9uok6j81sk/player-stats
155;2025-02-08Z;Real Madrid;Atlético Madrid;;7yjpl2ai2bhpgw90oh2md2zo4;https://www.scoresway.com/en_GB/soccer/primera-division-2024-2025/4x7uzww3jur4re7sgt3mslyj8/match/view/7yjpl2ai2bhpgw90oh2md2zo4/player-stats
156;2025-02-08Z;Las Palmas;Villarreal;;7xqll9aiarg9rolbt73i0y51w;https://www.scoresway.com/en_GB/soccer/primera-division-2024-2025/4x7uzww3jur4re7sgt3mslyj8/match/view/7xqll9aiarg9rolbt73i0y51w/player-stats
157;2025-02-08Z;Athletic Club;Girona;;7wgkib19q65yu5rc5u6svpxqs;https://www.scoresway.com/en_GB/soccer/primera-division-2024-2025/4x7uzww3jur4re7sgt3mslyj8/match/view/7wgkib19q65yu5rc5u6svpxqs/player-stats
158;2025-02-08Z;Celta de Vigo;Real Betis;;7zco85dfnnn9n96r4cit6zj84;https://www.scoresway.com/en_GB/soccer/primera-division-2024-2025/4x7uzww3jur4re7sgt3mslyj8/match/view/7zco85dfnnn9n96r4cit6zj84/player-stats
159;2025-02-07Z;Rayo Vallecano;Real Valladolid;;7x9w7h2xgruvxtfe85dzbbrbo;https://www.scoresway.com/en_GB/soccer/primera-division-2024-2025/4x7uzww3jur4re7sgt3mslyj8/match/view/7x9w7h2xgruvxtfe85dzbbrbo/player-stats
160;2025-02-03Z;Girona;Las Palmas;;7t9dw7onnhaccdd6uh01676dw;https://www.scoresway.com/en_GB/soccer/primera-division-2024-2025/4x7uzww3jur4re7sgt3mslyj8/match/view/7t9dw7onnhaccdd6uh01676dw/player-stats
161;2025-02-02Z;Real Betis;Athletic Club;;7v8eblnrf8v38sbs9ylf3g3ro;https://www.scoresway.com/en_GB/soccer/primera-division-2024-2025/4x7uzww3jur4re7sgt3mslyj8/match/view/7v8eblnrf8v38sbs9ylf3g3ro/player-stats
162;2025-02-02Z;Osasuna;Real Sociedad;;7tnvnvdkjmze7yrqs5jjzih3o;https://www.scoresway.com/en_GB/soccer/primera-division-2024-2025/4x7uzww3jur4re7sgt3mslyj8/match/view/7tnvnvdkjmze7yrqs5jjzih3o/player-stats
163;2025-02-02Z;Valencia;Celta de Vigo;;7vmzxcuwf8zkcxisuecdg4efo;https://www.scoresway.com/en_GB/soccer/primera-division-2024-2025/4x7uzww3jur4re7sgt3mslyj8/match/view/7vmzxcuwf8zkcxisuecdg4efo/player-stats
164;2025-02-02Z;Barcelona;Deportivo Alavés;;7w1vxahp1f51h5oqavl45l2qc;https://www.scoresway.com/en_GB/soccer/primera-division-2024-2025/4x7uzww3jur4re7sgt3mslyj8/match/view/7w1vxahp1f51h5oqavl45l2qc/player-stats
165;2025-02-01Z;Espanyol;Real Madrid;;7uum9l54eou5lsryh2877uqs4;https://www.scoresway.com/en_GB/soccer/primera-division-2024-2025/4x7uzww3jur4re7sgt3mslyj8/match/view/7uum9l54eou5lsryh2877uqs4/player-stats
166;2025-02-01Z;Atlético Madrid;Mallorca;;7sgcrgjdm803jh0c6rpgws7pw;https://www.scoresway.com/en_GB/soccer/primera-division-2024-2025/4x7uzww3jur4re7sgt3mslyj8/match/view/7sgcrgjdm803jh0c6rpgws7pw/player-stats
167;2025-02-01Z;Villarreal;Real Valladolid;;7u2d4hk8738x73owqyxmh67tg;https://www.scoresway.com/en_GB/soccer/primera-division-2024-2025/4x7uzww3jur4re7sgt3mslyj8/match/view/7u2d4hk8738x73owqyxmh67tg/player-stats
168;2025-02-01Z;Getafe;Sevilla;;7suqx93dzmv9u710mpdc4iz2s;https://www.scoresway.com/en_GB/soccer/primera-division-2024-2025/4x7uzww3jur4re7sgt3mslyj8/match/view/7suqx93dzmv9u710mpdc4iz2s/player-stats
169;2025-01-31Z;Leganés;Rayo Vallecano;;7ugwmiysltr9ml7mnhx4us4yc;https://www.scoresway.com/en_GB/soccer/primera-division-2024-2025/4x7uzww3jur4re7sgt3mslyj8/match/view/7ugwmiysltr9ml7mnhx4us4yc/player-stats
170;2025-01-27Z;Deportivo Alavés;Celta de Vigo;;7pzkhs4e155a2izm8xkyfs6c4;https://www.scoresway.com/en_GB/soccer/primera-division-2024-2025/4x7uzww3jur4re7sgt3mslyj8/match/view/7pzkhs4e155a2izm8xkyfs6c4/player-stats
171;2025-01-26Z;Barcelona;Valencia;;7p6ctmdcj509hh1ht5ex75rmc;https://www.scoresway.com/en_GB/soccer/primera-division-2024-2025/4x7uzww3jur4re7sgt3mslyj8/match/view/7p6ctmdcj509hh1ht5ex75rmc/player-stats
172;2025-01-26Z;Athletic Club;Leganés;;7od0vycpi6kwfynnb8ym9b384;https://www.scoresway.com/en_GB/soccer/primera-division-2024-2025/4x7uzww3jur4re7sgt3mslyj8/match/view/7od0vycpi6kwfynnb8ym9b384/player-stats
173;2025-01-26Z;Real Sociedad;Getafe;;7qsqd8qe2qousvl1cbvmwrwno;https://www.scoresway.com/en_GB/soccer/primera-division-2024-2025/4x7uzww3jur4re7sgt3mslyj8/match/view/7qsqd8qe2qousvl1cbvmwrwno/player-stats
174;2025-01-26Z;Rayo Vallecano;Girona;;7r7ehm4vsgffbqn027vjdox04;https://www.scoresway.com/en_GB/soccer/primera-division-2024-2025/4x7uzww3jur4re7sgt3mslyj8/match/view/7r7ehm4vsgffbqn027vjdox04/player-stats
175;2025-01-25Z;Real Valladolid;Real Madrid;;7rmj1etarzdycexktczlff11w;https://www.scoresway.com/en_GB/soccer/primera-division-2024-2025/4x7uzww3jur4re7sgt3mslyj8/match/view/7rmj1etarzdycexktczlff11w/player-stats
176;2025-01-25Z;Sevilla;Espanyol;;7s0eri1yrt65jtdqkihp2xmhg;https://www.scoresway.com/en_GB/soccer/primera-division-2024-2025/4x7uzww3jur4re7sgt3mslyj8/match/view/7s0eri1yrt65jtdqkihp2xmhg/player-stats
177;2025-01-25Z;Atlético Madrid;Villarreal;;7orni84bi3xe7mbmhzd1c5nh0;https://www.scoresway.com/en_GB/soccer/primera-division-2024-2025/4x7uzww3jur4re7sgt3mslyj8/match/view/7orni84bi3xe7mbmhzd1c5nh0/player-stats
178;2025-01-25Z;Mallorca;Real Betis;;7qe5ulrtamikh412jtbvw87x0;https://www.scoresway.com/en_GB/soccer/primera-division-2024-2025/4x7uzww3jur4re7sgt3mslyj8/match/view/7qe5ulrtamikh412jtbvw87x0/player-stats
179;2025-01-24Z;Las Palmas;Osasuna;;7pl26osi3850nw3yttsztjtp0;https://www.scoresway.com/en_GB/soccer/primera-division-2024-2025/4x7uzww3jur4re7sgt3mslyj8/match/view/7pl26osi3850nw3yttsztjtp0/player-stats
180;2025-01-20Z;Villarreal;Mallorca;;7mr6mc9hcr8gn7z37x5o4wr9w;https://www.scoresway.com/en_GB/soccer/primera-division-2024-2025/4x7uzww3jur4re7sgt3mslyj8/match/view/7mr6mc9hcr8gn7z37x5o4wr9w/player-stats
181;2025-01-19Z;Valencia;Real Sociedad;;7n5l1br6mze0f1x325okja784;https://www.scoresway.com/en_GB/soccer/primera-division-2024-2025/4x7uzww3jur4re7sgt3mslyj8/match/view/7n5l1br6mze0f1x325okja784/player-stats
182;2025-01-19Z;Osasuna;Rayo Vallecano;;7kpumzewnu7zka0x2i3a9iadw;https://www.scoresway.com/en_GB/soccer/primera-division-2024-2025/4x7uzww3jur4re7sgt3mslyj8/match/view/7kpumzewnu7zka0x2i3a9iadw/player-stats
183;2025-01-19Z;Real Madrid;Las Palmas;;7njwnvpazrbnzbcoby9ob1zpw;https://www.scoresway.com/en_GB/soccer/primera-division-2024-2025/4x7uzww3jur4re7sgt3mslyj8/match/view/7njwnvpazrbnzbcoby9ob1zpw/player-stats
184;2025-01-19Z;Celta de Vigo;Athletic Club;;7lha50m3erf18kdx3jiruhvys;https://www.scoresway.com/en_GB/soccer/primera-division-2024-2025/4x7uzww3jur4re7sgt3mslyj8/match/view/7lha50m3erf18kdx3jiruhvys/player-stats
185;2025-01-18Z;Getafe;Barcelona;;7maprxlnpb00agmzn1zhv2ql0;https://www.scoresway.com/en_GB/soccer/primera-division-2024-2025/4x7uzww3jur4re7sgt3mslyj8/match/view/7maprxlnpb00agmzn1zhv2ql0/player-stats
186;2025-01-18Z;Real Betis;Deportivo Alavés;;7nyfr26uys20b4gvvs82hvbpw;https://www.scoresway.com/en_GB/soccer/primera-division-2024-2025/4x7uzww3jur4re7sgt3mslyj8/match/view/7nyfr26uys20b4gvvs82hvbpw/player-stats
187;2025-01-18Z;Leganés;Atlético Madrid;;7lw3lapb50fdei5c1f4vk639w;https://www.scoresway.com/en_GB/soccer/primera-division-2024-2025/4x7uzww3jur4re7sgt3mslyj8/match/view/7lw3lapb50fdei5c1f4vk639w/player-stats
188;2025-01-18Z;Girona;Sevilla;;7kb64tppudupl2cpc2u05o8ic;https://www.scoresway.com/en_GB/soccer/primera-division-2024-2025/4x7uzww3jur4re7sgt3mslyj8/match/view/7kb64tppudupl2cpc2u05o8ic/player-stats
189;2025-01-17Z;Espanyol;Real Valladolid;;7l3jwu7az5rmshwzrdied0cus;https://www.scoresway.com/en_GB/soccer/primera-division-2024-2025/4x7uzww3jur4re7sgt3mslyj8/match/view/7l3jwu7az5rmshwzrdied0cus/player-stats
190;2025-01-13Z;Real Sociedad;Villarreal;;7h1kn1uskboomf15gmovbwavo;https://www.scoresway.com/en_GB/soccer/primera-division-2024-2025/4x7uzww3jur4re7sgt3mslyj8/match/view/7h1kn1uskboomf15gmovbwavo/player-stats
191;2025-01-12Z;Atlético Madrid;Osasuna;;7gmqcaeo0nbwicrswmmj7lixg;https://www.scoresway.com/en_GB/soccer/primera-division-2024-2025/4x7uzww3jur4re7sgt3mslyj8/match/view/7gmqcaeo0nbwicrswmmj7lixg/player-stats
192;2025-01-12Z;Las Palmas;Getafe;;7jwjh7338cewc0yx13jh4buac;https://www.scoresway.com/en_GB/soccer/primera-division-2024-2025/4x7uzww3jur4re7sgt3mslyj8/match/view/7jwjh7338cewc0yx13jh4buac/player-stats
193;2025-01-11Z;Sevilla;Valencia;;7hin3ls4n2rne7lhgzoy1jtp0;https://www.scoresway.com/en_GB/soccer/primera-division-2024-2025/4x7uzww3jur4re7sgt3mslyj8/match/view/7hin3ls4n2rne7lhgzoy1jtp0/player-stats
194;2025-01-11Z;Espanyol;Leganés;;7ibcf0osl4qe2dk43q5f369sk;https://www.scoresway.com/en_GB/soccer/primera-division-2024-2025/4x7uzww3jur4re7sgt3mslyj8/match/view/7ibcf0osl4qe2dk43q5f369sk/player-stats
195;2025-01-11Z;Real Valladolid;Real Betis;;7j3fa84eopbi3u5g74xz483ys;https://www.scoresway.com/en_GB/soccer/primera-division-2024-2025/4x7uzww3jur4re7sgt3mslyj8/match/view/7j3fa84eopbi3u5g74xz483ys/player-stats
196;2025-01-11Z;Deportivo Alavés;Girona;;7hxgj3peug6f9i1n0mq0w0qhg;https://www.scoresway.com/en_GB/soccer/primera-division-2024-2025/4x7uzww3jur4re7sgt3mslyj8/match/view/7hxgj3peug6f9i1n0mq0w0qhg/player-stats
197;2025-01-10Z;Rayo Vallecano;Celta de Vigo;;7jhwwqtmxi70el5rlr3rs8bv8;https://www.scoresway.com/en_GB/soccer/primera-division-2024-2025/4x7uzww3jur4re7sgt3mslyj8/match/view/7jhwwqtmxi70el5rlr3rs8bv8/player-stats
198;2025-01-03Z;Valencia;Real Madrid;;6qggsn9rwpzkypp81nijecj6c;https://www.scoresway.com/en_GB/soccer/primera-division-2024-2025/4x7uzww3jur4re7sgt3mslyj8/match/view/6qggsn9rwpzkypp81nijecj6c/player-stats
199;2024-12-22Z;Real Betis;Rayo Vallecano;;7c71fwybxuerr5jjr4p85s0es;https://www.scoresway.com/en_GB/soccer/primera-division-2024-2025/4x7uzww3jur4re7sgt3mslyj8/match/view/7c71fwybxuerr5jjr4p85s0es/player-stats
200;2024-12-22Z;Las Palmas;Espanyol;;7fu03cgwj42dy8mhciai7au50;https://www.scoresway.com/en_GB/soccer/primera-division-2024-2025/4x7uzww3jur4re7sgt3mslyj8/match/view/7fu03cgwj42dy8mhciai7au50/player-stats
201;2024-12-22Z;Leganés;Villarreal;;7e887z48e1axq53jsaqs2vjf8;https://www.scoresway.com/en_GB/soccer/primera-division-2024-2025/4x7uzww3jur4re7sgt3mslyj8/match/view/7e887z48e1axq53jsaqs2vjf8/player-stats
202;2024-12-22Z;Real Madrid;Sevilla;;7dthscik4ewme768879kdhiqc;https://www.scoresway.com/en_GB/soccer/primera-division-2024-2025/4x7uzww3jur4re7sgt3mslyj8/match/view/7dthscik4ewme768879kdhiqc/player-stats
203;2024-12-22Z;Valencia;Deportivo Alavés;;7fg7wyhgt70ch6dbx9xk7fspg;https://www.scoresway.com/en_GB/soccer/primera-division-2024-2025/4x7uzww3jur4re7sgt3mslyj8/match/view/7fg7wyhgt70ch6dbx9xk7fspg/player-stats
204;2024-12-21Z;Barcelona;Atlético Madrid;;7f1q6o2xl2m147rhfietwq9ec;https://www.scoresway.com/en_GB/soccer/primera-division-2024-2025/4x7uzww3jur4re7sgt3mslyj8/match/view/7f1q6o2xl2m147rhfietwq9ec/player-stats
205;2024-12-21Z;Osasuna;Athletic Club;;7en5oqifhc73cyhxxdlo4obv8;https://www.scoresway.com/en_GB/soccer/primera-division-2024-2025/4x7uzww3jur4re7sgt3mslyj8/match/view/7en5oqifhc73cyhxxdlo4obv8/player-stats
206;2024-12-21Z;Celta de Vigo;Real Sociedad;;7clks4m6lq5cl5zybprfzqzo4;https://www.scoresway.com/en_GB/soccer/primera-division-2024-2025/4x7uzww3jur4re7sgt3mslyj8/match/view/7clks4m6lq5cl5zybprfzqzo4/player-stats
207;2024-12-21Z;Getafe;Mallorca;;7d09egj07v1mt60862supzxn8;https://www.scoresway.com/en_GB/soccer/primera-division-2024-2025/4x7uzww3jur4re7sgt3mslyj8/match/view/7d09egj07v1mt60862supzxn8/player-stats
208;2024-12-20Z;Girona;Real Valladolid;;7dew6u2cpti7hq4mb06lh1rf8;https://www.scoresway.com/en_GB/soccer/primera-division-2024-2025/4x7uzww3jur4re7sgt3mslyj8/match/view/7dew6u2cpti7hq4mb06lh1rf8/player-stats
209;2024-12-18Z;Espanyol;Valencia;;6st8ht24yy6r4nxexllud6rkk;https://www.scoresway.com/en_GB/soccer/primera-division-2024-2025/4x7uzww3jur4re7sgt3mslyj8/match/view/6st8ht24yy6r4nxexllud6rkk/player-stats
210;2024-12-18Z;Villarreal;Rayo Vallecano;;6q1x9ldpfmd125sqfbep9eplg;https://www.scoresway.com/en_GB/soccer/primera-division-2024-2025/4x7uzww3jur4re7sgt3mslyj8/match/view/6q1x9ldpfmd125sqfbep9eplg/player-stats
211;2024-12-15Z;Barcelona;Leganés;;78joh39ikz3w63j3do7bbekgk;https://www.scoresway.com/en_GB/soccer/primera-division-2024-2025/4x7uzww3jur4re7sgt3mslyj8/match/view/78joh39ikz3w63j3do7bbekgk/player-stats
212;2024-12-15Z;Real Sociedad;Las Palmas;;7bsq4wfp2ik6jxz22cq868s2c;https://www.scoresway.com/en_GB/soccer/primera-division-2024-2025/4x7uzww3jur4re7sgt3mslyj8/match/view/7bsq4wfp2ik6jxz22cq868s2c/player-stats
213;2024-12-15Z;Villarreal;Real Betis;;7a4h0nlqxunsv5zk3rhad8yl0;https://www.scoresway.com/en_GB/soccer/primera-division-2024-2025/4x7uzww3jur4re7sgt3mslyj8/match/view/7a4h0nlqxunsv5zk3rhad8yl0/player-stats
214;2024-12-15Z;Deportivo Alavés;Athletic Club;;79d35c967hlzztv9vgazqu0wk;https://www.scoresway.com/en_GB/soccer/primera-division-2024-2025/4x7uzww3jur4re7sgt3mslyj8/match/view/79d35c967hlzztv9vgazqu0wk/player-stats
215;2024-12-15Z;Atlético Madrid;Getafe;;7850m5rbwfzgun3av5srreqs4;https://www.scoresway.com/en_GB/soccer/primera-division-2024-2025/4x7uzww3jur4re7sgt3mslyj8/match/view/7850m5rbwfzgun3av5srreqs4/player-stats
216;2024-12-14Z;Rayo Vallecano;Real Madrid;;78yaz9t15odaxqfaq5qdolqms;https://www.scoresway.com/en_GB/soccer/primera-division-2024-2025/4x7uzww3jur4re7sgt3mslyj8/match/view/78yaz9t15odaxqfaq5qdolqms/player-stats
217;2024-12-14Z;Sevilla;Celta de Vigo;;7aj38m30yhpi4qybumtyybnkk;https://www.scoresway.com/en_GB/soccer/primera-division-2024-2025/4x7uzww3jur4re7sgt3mslyj8/match/view/7aj38m30yhpi4qybumtyybnkk/player-stats
218;2024-12-14Z;Mallorca;Girona;;7axqcekjvpl9b7le61gnmgsgk;https://www.scoresway.com/en_GB/soccer/primera-division-2024-2025/4x7uzww3jur4re7sgt3mslyj8/match/view/7axqcekjvpl9b7le61gnmgsgk/player-stats
219;2024-12-14Z;Espanyol;Osasuna;;79qpk2mogz5y47z4eq9geymtw;https://www.scoresway.com/en_GB/soccer/primera-division-2024-2025/4x7uzww3jur4re7sgt3mslyj8/match/view/79qpk2mogz5y47z4eq9geymtw/player-stats
220;2024-12-13Z;Real Valladolid;Valencia;;7bc7bhlxjy43uagkoihryq13o;https://www.scoresway.com/en_GB/soccer/primera-division-2024-2025/4x7uzww3jur4re7sgt3mslyj8/match/view/7bc7bhlxjy43uagkoihryq13o/player-stats
221;2024-12-09Z;Getafe;Espanyol;;77r8u69g289un1n3bbgog51ck;https://www.scoresway.com/en_GB/soccer/primera-division-2024-2025/4x7uzww3jur4re7sgt3mslyj8/match/view/77r8u69g289un1n3bbgog51ck/player-stats
222;2024-12-08Z;Atlético Madrid;Sevilla;;74h1yfsvqa16s16aupaovwcgk;https://www.scoresway.com/en_GB/soccer/primera-division-2024-2025/4x7uzww3jur4re7sgt3mslyj8/match/view/74h1yfsvqa16s16aupaovwcgk/player-stats
223;2024-12-08Z;Osasuna;Deportivo Alavés;;77drajgi3btgu23hbkp2y0ro4;https://www.scoresway.com/en_GB/soccer/primera-division-2024-2025/4x7uzww3jur4re7sgt3mslyj8/match/view/77drajgi3btgu23hbkp2y0ro4/player-stats
224;2024-12-08Z;Athletic Club;Villarreal;;742iljdzywcdxe1th8ownli50;https://www.scoresway.com/en_GB/soccer/primera-division-2024-2025/4x7uzww3jur4re7sgt3mslyj8/match/view/742iljdzywcdxe1th8ownli50/player-stats
225;2024-12-08Z;Leganés;Real Sociedad;;763zbbgle0o63qb0a9n1bygb8;https://www.scoresway.com/en_GB/soccer/primera-division-2024-2025/4x7uzww3jur4re7sgt3mslyj8/match/view/763zbbgle0o63qb0a9n1bygb8/player-stats
226;2024-12-07Z;Girona;Real Madrid;;75aj64v9t2kmg50a6ur2j7itw;https://www.scoresway.com/en_GB/soccer/primera-division-2024-2025/4x7uzww3jur4re7sgt3mslyj8/match/view/75aj64v9t2kmg50a6ur2j7itw/player-stats
227;2024-12-07Z;Valencia;Rayo Vallecano;;76zahx7f1r6xs2n3n8m3bam8k;https://www.scoresway.com/en_GB/soccer/primera-division-2024-2025/4x7uzww3jur4re7sgt3mslyj8/match/view/76zahx7f1r6xs2n3n8m3bam8k/player-stats
228;2024-12-07Z;Real Betis;Barcelona;;76kjhvrctrzgjs3lux65pzfh0;https://www.scoresway.com/en_GB/soccer/primera-division-2024-2025/4x7uzww3jur4re7sgt3mslyj8/match/view/76kjhvrctrzgjs3lux65pzfh0/player-stats
229;2024-12-07Z;Las Palmas;Real Valladolid;;75p81ujl6s1ypa88m8qfdu0b8;https://www.scoresway.com/en_GB/soccer/primera-division-2024-2025/4x7uzww3jur4re7sgt3mslyj8/match/view/75p81ujl6s1ypa88m8qfdu0b8/player-stats
230;2024-12-06Z;Celta de Vigo;Mallorca;;74vs32lqyvtncixtqm56i2ivo;https://www.scoresway.com/en_GB/soccer/primera-division-2024-2025/4x7uzww3jur4re7sgt3mslyj8/match/view/74vs32lqyvtncixtqm56i2ivo/player-stats
231;2024-12-04Z;Athletic Club;Real Madrid;;7g7s7mx5srni9nmpe3mpbui38;https://www.scoresway.com/en_GB/soccer/primera-division-2024-2025/4x7uzww3jur4re7sgt3mslyj8/match/view/7g7s7mx5srni9nmpe3mpbui38/player-stats
232;2024-12-03Z;Mallorca;Barcelona;;7ip3k9p8078zk6m5vz1314sgk;https://www.scoresway.com/en_GB/soccer/primera-division-2024-2025/4x7uzww3jur4re7sgt3mslyj8/match/view/7ip3k9p8078zk6m5vz1314sgk/player-stats
233;2024-12-02Z;Sevilla;Osasuna;;73ny3niy2ur4b53v9seh3zac4;https://www.scoresway.com/en_GB/soccer/primera-division-2024-2025/4x7uzww3jur4re7sgt3mslyj8/match/view/73ny3niy2ur4b53v9seh3zac4/player-stats
234;2024-12-01Z;Real Sociedad;Real Betis;;72fy98aa5bh0lbvyc5iklbrpw;https://www.scoresway.com/en_GB/soccer/primera-division-2024-2025/4x7uzww3jur4re7sgt3mslyj8/match/view/72fy98aa5bh0lbvyc5iklbrpw/player-stats
235;2024-12-01Z;Rayo Vallecano;Athletic Club;;71mrc86xzidsp5cwkzbf2pxxw;https://www.scoresway.com/en_GB/soccer/primera-division-2024-2025/4x7uzww3jur4re7sgt3mslyj8/match/view/71mrc86xzidsp5cwkzbf2pxxw/player-stats
236;2024-12-01Z;Real Madrid;Getafe;;72up4v7514muef0voyn2o3ggk;https://www.scoresway.com/en_GB/soccer/primera-division-2024-2025/4x7uzww3jur4re7sgt3mslyj8/match/view/72up4v7514muef0voyn2o3ggk/player-stats
237;2024-12-01Z;Villarreal;Girona;;739cgai6cd7jzbi6s1132inmc;https://www.scoresway.com/en_GB/soccer/primera-division-2024-2025/4x7uzww3jur4re7sgt3mslyj8/match/view/739cgai6cd7jzbi6s1132inmc/player-stats
238;2024-11-30Z;Real Valladolid;Atlético Madrid;;721czcw56iepujw2r65i81yqc;https://www.scoresway.com/en_GB/soccer/primera-division-2024-2025/4x7uzww3jur4re7sgt3mslyj8/match/view/721czcw56iepujw2r65i81yqc/player-stats
239;2024-11-30Z;Espanyol;Celta de Vigo;;718xfkjsr9yxi3949rqytllp0;https://www.scoresway.com/en_GB/soccer/primera-division-2024-2025/4x7uzww3jur4re7sgt3mslyj8/match/view/718xfkjsr9yxi3949rqytllp0/player-stats
240;2024-11-30Z;Deportivo Alavés;Leganés;;70vbfm3rk1r28lzhthwufi2vo;https://www.scoresway.com/en_GB/soccer/primera-division-2024-2025/4x7uzww3jur4re7sgt3mslyj8/match/view/70vbfm3rk1r28lzhthwufi2vo/player-stats
241;2024-11-30Z;Barcelona;Las Palmas;;700hkkqjgon5vinnhqpomvlsk;https://www.scoresway.com/en_GB/soccer/primera-division-2024-2025/4x7uzww3jur4re7sgt3mslyj8/match/view/700hkkqjgon5vinnhqpomvlsk/player-stats
242;2024-11-29Z;Mallorca;Valencia;;70evdr8r0o9z5v0z0hzpii9ec;https://www.scoresway.com/en_GB/soccer/primera-division-2024-2025/4x7uzww3jur4re7sgt3mslyj8/match/view/70evdr8r0o9z5v0z0hzpii9ec/player-stats
243;2024-11-24Z;Athletic Club;Real Sociedad;;6vz8do8bkrdtssjhfhcghdt78;https://www.scoresway.com/en_GB/soccer/primera-division-2024-2025/4x7uzww3jur4re7sgt3mslyj8/match/view/6vz8do8bkrdtssjhfhcghdt78/player-stats
244;2024-11-24Z;Leganés;Real Madrid;;6xm7awthmi5y08w85e28qarys;https://www.scoresway.com/en_GB/soccer/primera-division-2024-2025/4x7uzww3jur4re7sgt3mslyj8/match/view/6xm7awthmi5y08w85e28qarys/player-stats
245;2024-11-24Z;Sevilla;Rayo Vallecano;;6yu8yb0j8ns3dkbhvtt6v3bx0;https://www.scoresway.com/en_GB/soccer/primera-division-2024-2025/4x7uzww3jur4re7sgt3mslyj8/match/view/6yu8yb0j8ns3dkbhvtt6v3bx0/player-stats
246;2024-11-24Z;Osasuna;Villarreal;;6wswnj03liqqa3b7e3fisjl78;https://www.scoresway.com/en_GB/soccer/primera-division-2024-2025/4x7uzww3jur4re7sgt3mslyj8/match/view/6wswnj03liqqa3b7e3fisjl78/player-stats
247;2024-11-23Z;Celta de Vigo;Barcelona;;6y0rev1t8s1s8hppafgrnmuc4;https://www.scoresway.com/en_GB/soccer/primera-division-2024-2025/4x7uzww3jur4re7sgt3mslyj8/match/view/6y0rev1t8s1s8hppafgrnmuc4/player-stats
248;2024-11-23Z;Girona;Espanyol;;6zmf81flt0nkgrgwt2z4q5uz8;https://www.scoresway.com/en_GB/soccer/primera-division-2024-2025/4x7uzww3jur4re7sgt3mslyj8/match/view/6zmf81flt0nkgrgwt2z4q5uz8/player-stats
249;2024-11-23Z;Las Palmas;Mallorca;;6x7muo25mpm0pflmu9sajsoic;https://www.scoresway.com/en_GB/soccer/primera-division-2024-2025/4x7uzww3jur4re7sgt3mslyj8/match/view/6x7muo25mpm0pflmu9sajsoic/player-stats
250;2024-11-23Z;Atlético Madrid;Deportivo Alavés;;6z8o2nii9u9o2jzjamlmcy5uc;https://www.scoresway.com/en_GB/soccer/primera-division-2024-2025/4x7uzww3jur4re7sgt3mslyj8/match/view/6z8o2nii9u9o2jzjamlmcy5uc/player-stats
251;2024-11-23Z;Valencia;Real Betis;;6yfgav6ifl2uubennqmu6xkwk;https://www.scoresway.com/en_GB/soccer/primera-division-2024-2025/4x7uzww3jur4re7sgt3mslyj8/match/view/6yfgav6ifl2uubennqmu6xkwk/player-stats
252;2024-11-22Z;Getafe;Real Valladolid;;6webe8qervdlrasrusi82o93o;https://www.scoresway.com/en_GB/soccer/primera-division-2024-2025/4x7uzww3jur4re7sgt3mslyj8/match/view/6webe8qervdlrasrusi82o93o/player-stats
253;2024-11-10Z;Real Sociedad;Barcelona;;6u0m4na1ejhk0ru961g48ns44;https://www.scoresway.com/en_GB/soccer/primera-division-2024-2025/4x7uzww3jur4re7sgt3mslyj8/match/view/6u0m4na1ejhk0ru961g48ns44/player-stats
254;2024-11-10Z;Real Valladolid;Athletic Club;;6t7287lij4eth62k8qkfyqqdw;https://www.scoresway.com/en_GB/soccer/primera-division-2024-2025/4x7uzww3jur4re7sgt3mslyj8/match/view/6t7287lij4eth62k8qkfyqqdw/player-stats
255;2024-11-10Z;Getafe;Girona;;6s18gg5xojxxyeys58alps1zo;https://www.scoresway.com/en_GB/soccer/primera-division-2024-2025/4x7uzww3jur4re7sgt3mslyj8/match/view/6s18gg5xojxxyeys58alps1zo/player-stats
256;2024-11-10Z;Mallorca;Atlético Madrid;;6tlu0ldjfj9uvk2x4ozh4zdas;https://www.scoresway.com/en_GB/soccer/primera-division-2024-2025/4x7uzww3jur4re7sgt3mslyj8/match/view/6tlu0ldjfj9uvk2x4ozh4zdas/player-stats
257;2024-11-10Z;Real Betis;Celta de Vigo;;6rmoy5sr5g3tsmr7fmkrlvms4;https://www.scoresway.com/en_GB/soccer/primera-division-2024-2025/4x7uzww3jur4re7sgt3mslyj8/match/view/6rmoy5sr5g3tsmr7fmkrlvms4/player-stats
258;2024-11-09Z;Leganés;Sevilla;;6sfnrmw4iybhpy2wls4nilq8k;https://www.scoresway.com/en_GB/soccer/primera-division-2024-2025/4x7uzww3jur4re7sgt3mslyj8/match/view/6sfnrmw4iybhpy2wls4nilq8k/player-stats
259;2024-11-09Z;Villarreal;Deportivo Alavés;;6vkjqtbv32tgj2g95siowa1hw;https://www.scoresway.com/en_GB/soccer/primera-division-2024-2025/4x7uzww3jur4re7sgt3mslyj8/match/view/6vkjqtbv32tgj2g95siowa1hw/player-stats
260;2024-11-09Z;Real Madrid;Osasuna;;6upih8qpars31g59rswn9vfo4;https://www.scoresway.com/en_GB/soccer/primera-division-2024-2025/4x7uzww3jur4re7sgt3mslyj8/match/view/6upih8qpars31g59rswn9vfo4/player-stats
261;2024-11-08Z;Rayo Vallecano;Las Palmas;;6v46rpwxiimqh7nnfvvvezpjo;https://www.scoresway.com/en_GB/soccer/primera-division-2024-2025/4x7uzww3jur4re7sgt3mslyj8/match/view/6v46rpwxiimqh7nnfvvvezpjo/player-stats
262;2024-11-04Z;Celta de Vigo;Getafe;;6odxa3al8lpv1n8isl4qqwoic;https://www.scoresway.com/en_GB/soccer/primera-division-2024-2025/4x7uzww3jur4re7sgt3mslyj8/match/view/6odxa3al8lpv1n8isl4qqwoic/player-stats
263;2024-11-03Z;Athletic Club;Real Betis;;6nl064c1ff2l3k2jloed2ehhw;https://www.scoresway.com/en_GB/soccer/primera-division-2024-2025/4x7uzww3jur4re7sgt3mslyj8/match/view/6nl064c1ff2l3k2jloed2ehhw/player-stats
264;2024-11-03Z;Sevilla;Real Sociedad;;6qv3gqr84p2e37rh5ly0i03ys;https://www.scoresway.com/en_GB/soccer/primera-division-2024-2025/4x7uzww3jur4re7sgt3mslyj8/match/view/6qv3gqr84p2e37rh5ly0i03ys/player-stats
265;2024-11-03Z;Barcelona;Espanyol;;6r8wwv3jv71nrekp8s2tivyfo;https://www.scoresway.com/en_GB/soccer/primera-division-2024-2025/4x7uzww3jur4re7sgt3mslyj8/match/view/6r8wwv3jv71nrekp8s2tivyfo/player-stats
266;2024-11-03Z;Atlético Madrid;Las Palmas;;6nzf32jr50zk35iaq81405tsk;https://www.scoresway.com/en_GB/soccer/primera-division-2024-2025/4x7uzww3jur4re7sgt3mslyj8/match/view/6nzf32jr50zk35iaq81405tsk/player-stats
267;2024-11-02Z;Girona;Leganés;;6osf9iabkyrr6ttqwgsr5naj8;https://www.scoresway.com/en_GB/soccer/primera-division-2024-2025/4x7uzww3jur4re7sgt3mslyj8/match/view/6osf9iabkyrr6ttqwgsr5naj8/player-stats
268;2024-11-02Z;Osasuna;Real Valladolid;;6p6ymn8geskwqik6rc06k4phw;https://www.scoresway.com/en_GB/soccer/primera-division-2024-2025/4x7uzww3jur4re7sgt3mslyj8/match/view/6p6ymn8geskwqik6rc06k4phw/player-stats
269;2024-11-01Z;Deportivo Alavés;Mallorca;;6pn928nisfaxaczy6cp8b1n2s;https://www.scoresway.com/en_GB/soccer/primera-division-2024-2025/4x7uzww3jur4re7sgt3mslyj8/match/view/6pn928nisfaxaczy6cp8b1n2s/player-stats
270;2024-10-28Z;Mallorca;Athletic Club;;6kc6tbuzh4psnzpedmpuuexas;https://www.scoresway.com/en_GB/soccer/primera-division-2024-2025/4x7uzww3jur4re7sgt3mslyj8/match/view/6kc6tbuzh4psnzpedmpuuexas/player-stats
271;2024-10-27Z;Real Sociedad;Osasuna;;6md9ttmkpwo7bs5mznbmhg844;https://www.scoresway.com/en_GB/soccer/primera-division-2024-2025/4x7uzww3jur4re7sgt3mslyj8/match/view/6md9ttmkpwo7bs5mznbmhg844/player-stats
272;2024-10-27Z;Real Betis;Atlético Madrid;;6kqq8l70v2epftuk9h7e8fklw;https://www.scoresway.com/en_GB/soccer/primera-division-2024-2025/4x7uzww3jur4re7sgt3mslyj8/match/view/6kqq8l70v2epftuk9h7e8fklw/player-stats
273;2024-10-27Z;Getafe;Valencia;;6jiwkla2x9d2ez2q4yrz1hlw4;https://www.scoresway.com/en_GB/soccer/primera-division-2024-2025/4x7uzww3jur4re7sgt3mslyj8/match/view/6jiwkla2x9d2ez2q4yrz1hlw4/player-stats
274;2024-10-27Z;Leganés;Celta de Vigo;;6ljsu6bdwf1c9xzbrm6g48m50;https://www.scoresway.com/en_GB/soccer/primera-division-2024-2025/4x7uzww3jur4re7sgt3mslyj8/match/view/6ljsu6bdwf1c9xzbrm6g48m50/player-stats
275;2024-10-26Z;Real Madrid;Barcelona;;6l5ceiwz9xtp9wl8qkdrkwff8;https://www.scoresway.com/en_GB/soccer/primera-division-2024-2025/4x7uzww3jur4re7sgt3mslyj8/match/view/6l5ceiwz9xtp9wl8qkdrkwff8/player-stats
276;2024-10-26Z;Las Palmas;Girona;;6lyln7s8ftleqvff5wt4pyntg;https://www.scoresway.com/en_GB/soccer/primera-division-2024-2025/4x7uzww3jur4re7sgt3mslyj8/match/view/6lyln7s8ftleqvff5wt4pyntg/player-stats
277;2024-10-26Z;Rayo Vallecano;Deportivo Alavés;;6n6i40wd0lgb3dae8bc6ezztg;https://www.scoresway.com/en_GB/soccer/primera-division-2024-2025/4x7uzww3jur4re7sgt3mslyj8/match/view/6n6i40wd0lgb3dae8bc6ezztg/player-stats
278;2024-10-26Z;Real Valladolid;Villarreal;;6mrxozgbxxb9tnnxtq9gxknpw;https://www.scoresway.com/en_GB/soccer/primera-division-2024-2025/4x7uzww3jur4re7sgt3mslyj8/match/view/6mrxozgbxxb9tnnxtq9gxknpw/player-stats
279;2024-10-25Z;Espanyol;Sevilla;;6jwqlsks4qalg9jurq81iglck;https://www.scoresway.com/en_GB/soccer/primera-division-2024-2025/4x7uzww3jur4re7sgt3mslyj8/match/view/6jwqlsks4qalg9jurq81iglck/player-stats
280;2024-10-21Z;Valencia;Las Palmas;;6irfxmrjbaan5caqwab8xq9zo;https://www.scoresway.com/en_GB/soccer/primera-division-2024-2025/4x7uzww3jur4re7sgt3mslyj8/match/view/6irfxmrjbaan5caqwab8xq9zo/player-stats
281;2024-10-20Z;Barcelona;Sevilla;;6fxech6nwatkx9ve4yusp3uhg;https://www.scoresway.com/en_GB/soccer/primera-division-2024-2025/4x7uzww3jur4re7sgt3mslyj8/match/view/6fxech6nwatkx9ve4yusp3uhg/player-stats
282;2024-10-20Z;Villarreal;Getafe;;6icvpmsvyijojghn1uhr94kk4;https://www.scoresway.com/en_GB/soccer/primera-division-2024-2025/4x7uzww3jur4re7sgt3mslyj8/match/view/6icvpmsvyijojghn1uhr94kk4/player-stats
283;2024-10-20Z;Atlético Madrid;Leganés;;6fis5s5i2e7uv1z8wzcrlnk0k;https://www.scoresway.com/en_GB/soccer/primera-division-2024-2025/4x7uzww3jur4re7sgt3mslyj8/match/view/6fis5s5i2e7uv1z8wzcrlnk0k/player-stats
284;2024-10-20Z;Mallorca;Rayo Vallecano;;6h4opdcr03yxpmu6u4lcmqln8;https://www.scoresway.com/en_GB/soccer/primera-division-2024-2025/4x7uzww3jur4re7sgt3mslyj8/match/view/6h4opdcr03yxpmu6u4lcmqln8/player-stats
285;2024-10-19Z;Celta de Vigo;Real Madrid;;6gbsyrjq2pwe4heho3hx6pclw;https://www.scoresway.com/en_GB/soccer/primera-division-2024-2025/4x7uzww3jur4re7sgt3mslyj8/match/view/6gbsyrjq2pwe4heho3hx6pclw/player-stats
286;2024-10-19Z;Girona;Real Sociedad;;6gq5zi3dzxmlg34bc0p1qh5w4;https://www.scoresway.com/en_GB/soccer/primera-division-2024-2025/4x7uzww3jur4re7sgt3mslyj8/match/view/6gq5zi3dzxmlg34bc0p1qh5w4/player-stats
287;2024-10-19Z;Osasuna;Real Betis;;6hycbbluudc6jssb3mesju7tg;https://www.scoresway.com/en_GB/soccer/primera-division-2024-2025/4x7uzww3jur4re7sgt3mslyj8/match/view/6hycbbluudc6jssb3mesju7tg/player-stats
288;2024-10-19Z;Athletic Club;Espanyol;;6j53txcxd3d5xymq7py5kykus;https://www.scoresway.com/en_GB/soccer/primera-division-2024-2025/4x7uzww3jur4re7sgt3mslyj8/match/view/6j53txcxd3d5xymq7py5kykus/player-stats
289;2024-10-18Z;Deportivo Alavés;Real Valladolid;;6hjbwnq8ofmw5i84s9la32p04;https://www.scoresway.com/en_GB/soccer/primera-division-2024-2025/4x7uzww3jur4re7sgt3mslyj8/match/view/6hjbwnq8ofmw5i84s9la32p04/player-stats
290;2024-10-06Z;Real Sociedad;Atlético Madrid;;6dtjx87yffxl5ac75q3k13pqs;https://www.scoresway.com/en_GB/soccer/primera-division-2024-2025/4x7uzww3jur4re7sgt3mslyj8/match/view/6dtjx87yffxl5ac75q3k13pqs/player-stats
291;2024-10-06Z;Sevilla;Real Betis;;6e8fu3jiqoblrt70tfpycctuc;https://www.scoresway.com/en_GB/soccer/primera-division-2024-2025/4x7uzww3jur4re7sgt3mslyj8/match/view/6e8fu3jiqoblrt70tfpycctuc/player-stats
292;2024-10-06Z;Deportivo Alavés;Barcelona;;6c8p4cgbqywptvo6lilt2mnf8;https://www.scoresway.com/en_GB/soccer/primera-division-2024-2025/4x7uzww3jur4re7sgt3mslyj8/match/view/6c8p4cgbqywptvo6lilt2mnf8/player-stats
293;2024-10-06Z;Girona;Athletic Club;;6dejybh88d2bz7rbo64nxde6s;https://www.scoresway.com/en_GB/soccer/primera-division-2024-2025/4x7uzww3jur4re7sgt3mslyj8/match/view/6dejybh88d2bz7rbo64nxde6s/player-stats
294;2024-10-05Z;Real Madrid;Villarreal;;6bu6tnf33gay36zm1d6p61wr8;https://www.scoresway.com/en_GB/soccer/primera-division-2024-2025/4x7uzww3jur4re7sgt3mslyj8/match/view/6bu6tnf33gay36zm1d6p61wr8/player-stats
295;2024-10-05Z;Real Valladolid;Rayo Vallecano;;6f40b8phg3ut4rbh119krjwgk;https://www.scoresway.com/en_GB/soccer/primera-division-2024-2025/4x7uzww3jur4re7sgt3mslyj8/match/view/6f40b8phg3ut4rbh119krjwgk/player-stats
296;2024-10-05Z;Las Palmas;Celta de Vigo;;6epfq0i6hy5rpdobekarp5st0;https://www.scoresway.com/en_GB/soccer/primera-division-2024-2025/4x7uzww3jur4re7sgt3mslyj8/match/view/6epfq0i6hy5rpdobekarp5st0/player-stats
297;2024-10-05Z;Getafe;Osasuna;;6bfl7c5wl3huc70e8fbok8ys4;https://www.scoresway.com/en_GB/soccer/primera-division-2024-2025/4x7uzww3jur4re7sgt3mslyj8/match/view/6bfl7c5wl3huc70e8fbok8ys4/player-stats
298;2024-10-05Z;Espanyol;Mallorca;;6d0u0xeee4wz6ojhbyh2r6yac;https://www.scoresway.com/en_GB/soccer/primera-division-2024-2025/4x7uzww3jur4re7sgt3mslyj8/match/view/6d0u0xeee4wz6ojhbyh2r6yac/player-stats
299;2024-10-04Z;Leganés;Valencia;;6cn9zts9vzu0cfy0ms2pbf1uc;https://www.scoresway.com/en_GB/soccer/primera-division-2024-2025/4x7uzww3jur4re7sgt3mslyj8/match/view/6cn9zts9vzu0cfy0ms2pbf1uc/player-stats
300;2024-09-30Z;Villarreal;Las Palmas;;69v1396td9466vft0tuygcd90;https://www.scoresway.com/en_GB/soccer/primera-division-2024-2025/4x7uzww3jur4re7sgt3mslyj8/match/view/69v1396td9466vft0tuygcd90/player-stats
301;2024-09-29Z;Atlético Madrid;Real Madrid;;67t6jdk03argdkp4enrhycqac;https://www.scoresway.com/en_GB/soccer/primera-division-2024-2025/4x7uzww3jur4re7sgt3mslyj8/match/view/67t6jdk03argdkp4enrhycqac/player-stats
302;2024-09-29Z;Real Betis;Espanyol;;6b1o8xruzdij3xnwprnkwt05w;https://www.scoresway.com/en_GB/soccer/primera-division-2024-2025/4x7uzww3jur4re7sgt3mslyj8/match/view/6b1o8xruzdij3xnwprnkwt05w/player-stats
303;2024-09-29Z;Athletic Club;Sevilla;;67elmttf59akqb6h72l7fqqz8;https://www.scoresway.com/en_GB/soccer/primera-division-2024-2025/4x7uzww3jur4re7sgt3mslyj8/match/view/67elmttf59akqb6h72l7fqqz8/player-stats
304;2024-09-29Z;Celta de Vigo;Girona;;687puky17rzj95b7f9rqb1rtg;https://www.scoresway.com/en_GB/soccer/primera-division-2024-2025/4x7uzww3jur4re7sgt3mslyj8/match/view/687puky17rzj95b7f9rqb1rtg/player-stats
305;2024-09-28Z;Osasuna;Barcelona;;690iee00hs40h0o94hak47tp0;https://www.scoresway.com/en_GB/soccer/primera-division-2024-2025/4x7uzww3jur4re7sgt3mslyj8/match/view/690iee00hs40h0o94hak47tp0/player-stats
306;2024-09-28Z;Real Sociedad;Valencia;;68m2m1s5dol5di2vl19e1hd78;https://www.scoresway.com/en_GB/soccer/primera-division-2024-2025/4x7uzww3jur4re7sgt3mslyj8/match/view/68m2m1s5dol5di2vl19e1hd78/player-stats
307;2024-09-28Z;Rayo Vallecano;Leganés;;6ao078l4kyhkgamhkopljt89g;https://www.scoresway.com/en_GB/soccer/primera-division-2024-2025/4x7uzww3jur4re7sgt3mslyj8/match/view/6ao078l4kyhkgamhkopljt89g/player-stats
308;2024-09-28Z;Getafe;Deportivo Alavés;;6a9fqe2av4fcdm83qdsuvqrro;https://www.scoresway.com/en_GB/soccer/primera-division-2024-2025/4x7uzww3jur4re7sgt3mslyj8/match/view/6a9fqe2av4fcdm83qdsuvqrro/player-stats
309;2024-09-27Z;Real Valladolid;Mallorca;;69gpwcr00zri26svtn0oaoduc;https://www.scoresway.com/en_GB/soccer/primera-division-2024-2025/4x7uzww3jur4re7sgt3mslyj8/match/view/69gpwcr00zri26svtn0oaoduc/player-stats
310;2024-09-26Z;Celta de Vigo;Atlético Madrid;;65s0nz9qa94kr4g9my3p7ynf8;https://www.scoresway.com/en_GB/soccer/primera-division-2024-2025/4x7uzww3jur4re7sgt3mslyj8/match/view/65s0nz9qa94kr4g9my3p7ynf8/player-stats
311;2024-09-26Z;Las Palmas;Real Betis;;666itf9ca5gc32h2l5wlo6zo4;https://www.scoresway.com/en_GB/soccer/primera-division-2024-2025/4x7uzww3jur4re7sgt3mslyj8/match/view/666itf9ca5gc32h2l5wlo6zo4/player-stats
312;2024-09-26Z;Espanyol;Villarreal;;64zsgl4deyxdr5rdpamwtlams;https://www.scoresway.com/en_GB/soccer/primera-division-2024-2025/4x7uzww3jur4re7sgt3mslyj8/match/view/64zsgl4deyxdr5rdpamwtlams/player-stats
313;2024-09-25Z;Barcelona;Getafe;;63caanmmwfogw1hbixp2zklqs;https://www.scoresway.com/en_GB/soccer/primera-division-2024-2025/4x7uzww3jur4re7sgt3mslyj8/match/view/63caanmmwfogw1hbixp2zklqs/player-stats
314;2024-09-25Z;Girona;Rayo Vallecano;;63syq47tm563i22egotcb7itw;https://www.scoresway.com/en_GB/soccer/primera-division-2024-2025/4x7uzww3jur4re7sgt3mslyj8/match/view/63syq47tm563i22egotcb7itw/player-stats
315;2024-09-24Z;Real Madrid;Deportivo Alavés;;66zosz3fqz2ztfu9it2muu42c;https://www.scoresway.com/en_GB/soccer/primera-division-2024-2025/4x7uzww3jur4re7sgt3mslyj8/match/view/66zosz3fqz2ztfu9it2muu42c/player-stats
316;2024-09-24Z;Valencia;Osasuna;;66l34ax3m29s58ud7hbv3bd3o;https://www.scoresway.com/en_GB/soccer/primera-division-2024-2025/4x7uzww3jur4re7sgt3mslyj8/match/view/66l34ax3m29s58ud7hbv3bd3o/player-stats
317;2024-09-24Z;Sevilla;Real Valladolid;;64lywndahglmvr118amfxkf10;https://www.scoresway.com/en_GB/soccer/primera-division-2024-2025/4x7uzww3jur4re7sgt3mslyj8/match/view/64lywndahglmvr118amfxkf10/player-stats
318;2024-09-23Z;Real Betis;Mallorca;;5zqhn00v48eye91tctbo1uo0k;https://www.scoresway.com/en_GB/soccer/primera-division-2024-2025/4x7uzww3jur4re7sgt3mslyj8/match/view/5zqhn00v48eye91tctbo1uo0k/player-stats
319;2024-09-22Z;Rayo Vallecano;Atlético Madrid;;60yfcq9jjwkz23gcvqpuifoyc;https://www.scoresway.com/en_GB/soccer/primera-division-2024-2025/4x7uzww3jur4re7sgt3mslyj8/match/view/60yfcq9jjwkz23gcvqpuifoyc/player-stats
320;2024-09-22Z;Villarreal;Barcelona;;61cwhjuf2ktyf9a4amp57ieqc;https://www.scoresway.com/en_GB/soccer/primera-division-2024-2025/4x7uzww3jur4re7sgt3mslyj8/match/view/61cwhjuf2ktyf9a4amp57ieqc/player-stats
321;2024-09-22Z;Athletic Club;Celta de Vigo;;5zc13oz3ip4z5wbqbhej6uhhw;https://www.scoresway.com/en_GB/soccer/primera-division-2024-2025/4x7uzww3jur4re7sgt3mslyj8/match/view/5zc13oz3ip4z5wbqbhej6uhhw/player-stats
322;2024-09-22Z;Getafe;Leganés;;604ya0n4fh6nijyxuxybr0is4;https://www.scoresway.com/en_GB/soccer/primera-division-2024-2025/4x7uzww3jur4re7sgt3mslyj8/match/view/604ya0n4fh6nijyxuxybr0is4/player-stats
323;2024-09-21Z;Real Madrid;Espanyol;;62ynouhnra4702bfgi3cuakus;https://www.scoresway.com/en_GB/soccer/primera-division-2024-2025/4x7uzww3jur4re7sgt3mslyj8/match/view/62ynouhnra4702bfgi3cuakus/player-stats
324;2024-09-21Z;Valencia;Girona;;61rjxg15ik34493xle4c72psk;https://www.scoresway.com/en_GB/soccer/primera-division-2024-2025/4x7uzww3jur4re7sgt3mslyj8/match/view/61rjxg15ik34493xle4c72psk/player-stats
325;2024-09-21Z;Osasuna;Las Palmas;;62kw8d568qve1rhminzbmxn9w;https://www.scoresway.com/en_GB/soccer/primera-division-2024-2025/4x7uzww3jur4re7sgt3mslyj8/match/view/62kw8d568qve1rhminzbmxn9w/player-stats
326;2024-09-21Z;Real Valladolid;Real Sociedad;;626errdvn7ta3vncvipxpdtzo;https://www.scoresway.com/en_GB/soccer/primera-division-2024-2025/4x7uzww3jur4re7sgt3mslyj8/match/view/626errdvn7ta3vncvipxpdtzo/player-stats
327;2024-09-20Z;Deportivo Alavés;Sevilla;;60jqe1h7rodt2n113439gf40k;https://www.scoresway.com/en_GB/soccer/primera-division-2024-2025/4x7uzww3jur4re7sgt3mslyj8/match/view/60jqe1h7rodt2n113439gf40k/player-stats
328;2024-09-19Z;Leganés;Athletic Club;;65dekeom0wbecv9pu2vfb9kb8;https://www.scoresway.com/en_GB/soccer/primera-division-2024-2025/4x7uzww3jur4re7sgt3mslyj8/match/view/65dekeom0wbecv9pu2vfb9kb8/player-stats
329;2024-09-18Z;Real Betis;Getafe;;5ns4fg6y1hq3cufyms4pd1vdg;https://www.scoresway.com/en_GB/soccer/primera-division-2024-2025/4x7uzww3jur4re7sgt3mslyj8/match/view/5ns4fg6y1hq3cufyms4pd1vdg/player-stats
330;2024-09-17Z;Mallorca;Real Sociedad;;647jn50wp2vojesyn36x66nf8;https://www.scoresway.com/en_GB/soccer/primera-division-2024-2025/4x7uzww3jur4re7sgt3mslyj8/match/view/647jn50wp2vojesyn36x66nf8/player-stats
331;2024-09-16Z;Rayo Vallecano;Osasuna;;5y4lx9rzp0ow61yo13pi3nxuc;https://www.scoresway.com/en_GB/soccer/primera-division-2024-2025/4x7uzww3jur4re7sgt3mslyj8/match/view/5y4lx9rzp0ow61yo13pi3nxuc/player-stats
332;2024-09-15Z;Atlético Madrid;Valencia;;5vblcjrjoaquvkt23jpttrlec;https://www.scoresway.com/en_GB/soccer/primera-division-2024-2025/4x7uzww3jur4re7sgt3mslyj8/match/view/5vblcjrjoaquvkt23jpttrlec/player-stats
333;2024-09-15Z;Las Palmas;Athletic Club;;5wxdb9o5eg7sffkn8m09r0qok;https://www.scoresway.com/en_GB/soccer/primera-division-2024-2025/4x7uzww3jur4re7sgt3mslyj8/match/view/5wxdb9o5eg7sffkn8m09r0qok/player-stats
334;2024-09-15Z;Girona;Barcelona;;5xbnsmhknyjgljqluckg5ifx0;https://www.scoresway.com/en_GB/soccer/primera-division-2024-2025/4x7uzww3jur4re7sgt3mslyj8/match/view/5xbnsmhknyjgljqluckg5ifx0/player-stats
335;2024-09-15Z;Celta de Vigo;Real Valladolid;;5w4b6ohqxt21h0vglnjgvpes4;https://www.scoresway.com/en_GB/soccer/primera-division-2024-2025/4x7uzww3jur4re7sgt3mslyj8/match/view/5w4b6ohqxt21h0vglnjgvpes4/player-stats
336;2024-09-14Z;Real Sociedad;Real Madrid;;5yklujtutkh5ksc5f5iojpdzo;https://www.scoresway.com/en_GB/soccer/primera-division-2024-2025/4x7uzww3jur4re7sgt3mslyj8/match/view/5yklujtutkh5ksc5f5iojpdzo/player-stats
337;2024-09-14Z;Sevilla;Getafe;;5xq75nlg0hhutyqys6lqj0hzo;https://www.scoresway.com/en_GB/soccer/primera-division-2024-2025/4x7uzww3jur4re7sgt3mslyj8/match/view/5xq75nlg0hhutyqys6lqj0hzo/player-stats
338;2024-09-14Z;Espanyol;Deportivo Alavés;;5yyc4zqwgchbo16kocdcq1ams;https://www.scoresway.com/en_GB/soccer/primera-division-2024-2025/4x7uzww3jur4re7sgt3mslyj8/match/view/5yyc4zqwgchbo16kocdcq1ams/player-stats
339;2024-09-14Z;Mallorca;Villarreal;;5wiwtn06uxlem9qm2mhnxggt0;https://www.scoresway.com/en_GB/soccer/primera-division-2024-2025/4x7uzww3jur4re7sgt3mslyj8/match/view/5wiwtn06uxlem9qm2mhnxggt0/player-stats
340;2024-09-13Z;Real Betis;Leganés;;5vpwbyi79lvl0ukif4cyygnpw;https://www.scoresway.com/en_GB/soccer/primera-division-2024-2025/4x7uzww3jur4re7sgt3mslyj8/match/view/5vpwbyi79lvl0ukif4cyygnpw/player-stats
341;2024-09-01Z;Real Madrid;Real Betis;;5u3wx1ukwc8ezs3iztiha7bx0;https://www.scoresway.com/en_GB/soccer/primera-division-2024-2025/4x7uzww3jur4re7sgt3mslyj8/match/view/5u3wx1ukwc8ezs3iztiha7bx0/player-stats
342;2024-09-01Z;Getafe;Real Sociedad;;5s3xwqhpxe5lxs3fskk6vtr84;https://www.scoresway.com/en_GB/soccer/primera-division-2024-2025/4x7uzww3jur4re7sgt3mslyj8/match/view/5s3xwqhpxe5lxs3fskk6vtr84/player-stats
343;2024-09-01Z;Sevilla;Girona;;5ux5nsf6org4a8iugiyofzlec;https://www.scoresway.com/en_GB/soccer/primera-division-2024-2025/4x7uzww3jur4re7sgt3mslyj8/match/view/5ux5nsf6org4a8iugiyofzlec/player-stats
344;2024-09-01Z;Osasuna;Celta de Vigo;;5uiswh4s7uixm5suih5vyz2ms;https://www.scoresway.com/en_GB/soccer/primera-division-2024-2025/4x7uzww3jur4re7sgt3mslyj8/match/view/5uiswh4s7uixm5suih5vyz2ms/player-stats
345;2024-09-01Z;Deportivo Alavés;Las Palmas;;5synj2tonhl9q7029mdt8p2qc;https://www.scoresway.com/en_GB/soccer/primera-division-2024-2025/4x7uzww3jur4re7sgt3mslyj8/match/view/5synj2tonhl9q7029mdt8p2qc/player-stats
346;2024-08-31Z;Leganés;Mallorca;;5td1p1s4tqjpjp87klzwu2rkk;https://www.scoresway.com/en_GB/soccer/primera-division-2024-2025/4x7uzww3jur4re7sgt3mslyj8/match/view/5td1p1s4tqjpjp87klzwu2rkk/player-stats
347;2024-08-31Z;Valencia;Villarreal;;5sicbm55qbgeecbcprwy97uac;https://www.scoresway.com/en_GB/soccer/primera-division-2024-2025/4x7uzww3jur4re7sgt3mslyj8/match/view/5sicbm55qbgeecbcprwy97uac/player-stats
348;2024-08-31Z;Espanyol;Rayo Vallecano;;5tqfezsv146ktc9c481m2lkpg;https://www.scoresway.com/en_GB/soccer/primera-division-2024-2025/4x7uzww3jur4re7sgt3mslyj8/match/view/5tqfezsv146ktc9c481m2lkpg/player-stats
349;2024-08-31Z;Athletic Club;Atlético Madrid;;5rb6zpmugit67qx1oa0b3tz4k;https://www.scoresway.com/en_GB/soccer/primera-division-2024-2025/4x7uzww3jur4re7sgt3mslyj8/match/view/5rb6zpmugit67qx1oa0b3tz4k/player-stats
350;2024-08-31Z;Barcelona;Real Valladolid;;5rpelvwkel423rwai2gfaekno;https://www.scoresway.com/en_GB/soccer/primera-division-2024-2025/4x7uzww3jur4re7sgt3mslyj8/match/view/5rpelvwkel423rwai2gfaekno/player-stats
351;2024-08-29Z;Las Palmas;Real Madrid;;5ozboc3vkmy8gtsk7gxb7imms;https://www.scoresway.com/en_GB/soccer/primera-division-2024-2025/4x7uzww3jur4re7sgt3mslyj8/match/view/5ozboc3vkmy8gtsk7gxb7imms/player-stats
352;2024-08-29Z;Girona;Osasuna;;5o6kqt43c2cjrkp0b6ufovvo4;https://www.scoresway.com/en_GB/soccer/primera-division-2024-2025/4x7uzww3jur4re7sgt3mslyj8/match/view/5o6kqt43c2cjrkp0b6ufovvo4/player-stats
353;2024-08-28Z;Atlético Madrid;Espanyol;;5qxo256z1jw0dps23hd0k06qc;https://www.scoresway.com/en_GB/soccer/primera-division-2024-2025/4x7uzww3jur4re7sgt3mslyj8/match/view/5qxo256z1jw0dps23hd0k06qc/player-stats
354;2024-08-28Z;Real Sociedad;Deportivo Alavés;;5q63q612ph6ma47d4rf69naj8;https://www.scoresway.com/en_GB/soccer/primera-division-2024-2025/4x7uzww3jur4re7sgt3mslyj8/match/view/5q63q612ph6ma47d4rf69naj8/player-stats
355;2024-08-28Z;Real Valladolid;Leganés;;5qk8chtwtmvvpatkmcksfcutw;https://www.scoresway.com/en_GB/soccer/primera-division-2024-2025/4x7uzww3jur4re7sgt3mslyj8/match/view/5qk8chtwtmvvpatkmcksfcutw/player-stats
356;2024-08-28Z;Athletic Club;Valencia;;5nbu5gmdx5gm9b2wjsybtr76c;https://www.scoresway.com/en_GB/soccer/primera-division-2024-2025/4x7uzww3jur4re7sgt3mslyj8/match/view/5nbu5gmdx5gm9b2wjsybtr76c/player-stats
357;2024-08-27Z;Rayo Vallecano;Barcelona;;5pdlhap2xv8f1uannrtk1f4lw;https://www.scoresway.com/en_GB/soccer/primera-division-2024-2025/4x7uzww3jur4re7sgt3mslyj8/match/view/5pdlhap2xv8f1uannrtk1f4lw/player-stats
358;2024-08-27Z;Mallorca;Sevilla;;5okyjoqk1187nzifkct2bqcr8;https://www.scoresway.com/en_GB/soccer/primera-division-2024-2025/4x7uzww3jur4re7sgt3mslyj8/match/view/5okyjoqk1187nzifkct2bqcr8/player-stats
359;2024-08-26Z;Villarreal;Celta de Vigo;;5prygp8gcta4ykggusdxqwys4;https://www.scoresway.com/en_GB/soccer/primera-division-2024-2025/4x7uzww3jur4re7sgt3mslyj8/match/view/5prygp8gcta4ykggusdxqwys4/player-stats
360;2024-08-25Z;Atlético Madrid;Girona;;5jegs4j4ybvjcgdaghy7ilwk4;https://www.scoresway.com/en_GB/soccer/primera-division-2024-2025/4x7uzww3jur4re7sgt3mslyj8/match/view/5jegs4j4ybvjcgdaghy7ilwk4/player-stats
361;2024-08-25Z;Deportivo Alavés;Real Betis;;5le7pln28h10g7u3vlsspflzo;https://www.scoresway.com/en_GB/soccer/primera-division-2024-2025/4x7uzww3jur4re7sgt3mslyj8/match/view/5le7pln28h10g7u3vlsspflzo/player-stats
362;2024-08-25Z;Leganés;Las Palmas;;5lsd435qp9ov0369fxwxsdq8k;https://www.scoresway.com/en_GB/soccer/primera-division-2024-2025/4x7uzww3jur4re7sgt3mslyj8/match/view/5lsd435qp9ov0369fxwxsdq8k/player-stats
363;2024-08-25Z;Real Madrid;Real Valladolid;;5kldlsgi64xxe5nym5szuok5w;https://www.scoresway.com/en_GB/soccer/primera-division-2024-2025/4x7uzww3jur4re7sgt3mslyj8/match/view/5kldlsgi64xxe5nym5szuok5w/player-stats
364;2024-08-24Z;Espanyol;Real Sociedad;;5m5srxg0a0rsvjcthcv4qdxqs;https://www.scoresway.com/en_GB/soccer/primera-division-2024-2025/4x7uzww3jur4re7sgt3mslyj8/match/view/5m5srxg0a0rsvjcthcv4qdxqs/player-stats
365;2024-08-24Z;Getafe;Rayo Vallecano;;5k75djtbbjl493cac58zuyqs4;https://www.scoresway.com/en_GB/soccer/primera-division-2024-2025/4x7uzww3jur4re7sgt3mslyj8/match/view/5k75djtbbjl493cac58zuyqs4/player-stats
366;2024-08-24Z;Barcelona;Athletic Club;;5mj8s0rijkav768ck08cz6fbo;https://www.scoresway.com/en_GB/soccer/primera-division-2024-2025/4x7uzww3jur4re7sgt3mslyj8/match/view/5mj8s0rijkav768ck08cz6fbo/player-stats
367;2024-08-24Z;Osasuna;Mallorca;;5mxpzicz2rwte364wph5ct3bo;https://www.scoresway.com/en_GB/soccer/primera-division-2024-2025/4x7uzww3jur4re7sgt3mslyj8/match/view/5mxpzicz2rwte364wph5ct3bo/player-stats
368;2024-08-23Z;Sevilla;Villarreal;;5kzt2vp9lvxghav8iiertuplg;https://www.scoresway.com/en_GB/soccer/primera-division-2024-2025/4x7uzww3jur4re7sgt3mslyj8/match/view/5kzt2vp9lvxghav8iiertuplg/player-stats
369;2024-08-23Z;Celta de Vigo;Valencia;;5jstvmxnddtgt2x7z9kyrx0yc;https://www.scoresway.com/en_GB/soccer/primera-division-2024-2025/4x7uzww3jur4re7sgt3mslyj8/match/view/5jstvmxnddtgt2x7z9kyrx0yc/player-stats
370;2024-08-19Z;Villarreal;Atlético Madrid;;5glmgn713wlnica0brb18c650;https://www.scoresway.com/en_GB/soccer/primera-division-2024-2025/4x7uzww3jur4re7sgt3mslyj8/match/view/5glmgn713wlnica0brb18c650/player-stats
371;2024-08-19Z;Real Valladolid;Espanyol;;5j0zusmwyelfhjs2edw4ztfdg;https://www.scoresway.com/en_GB/soccer/primera-division-2024-2025/4x7uzww3jur4re7sgt3mslyj8/match/view/5j0zusmwyelfhjs2edw4ztfdg/player-stats
372;2024-08-18Z;Mallorca;Real Madrid;;5flq3r7vdtxfv2ysdhmhlxs7o;https://www.scoresway.com/en_GB/soccer/primera-division-2024-2025/4x7uzww3jur4re7sgt3mslyj8/match/view/5flq3r7vdtxfv2ysdhmhlxs7o/player-stats
373;2024-08-18Z;Real Sociedad;Rayo Vallecano;;5hl3kbigpss3j000mn0oejg2c;https://www.scoresway.com/en_GB/soccer/primera-division-2024-2025/4x7uzww3jur4re7sgt3mslyj8/match/view/5hl3kbigpss3j000mn0oejg2c/player-stats
374;2024-08-17Z;Valencia;Barcelona;;5h3b0pzfw6ldoy2w08t39smj8;https://www.scoresway.com/en_GB/soccer/primera-division-2024-2025/4x7uzww3jur4re7sgt3mslyj8/match/view/5h3b0pzfw6ldoy2w08t39smj8/player-stats
375;2024-08-17Z;Osasuna;Leganés;;5ilutiy199xb72tzt92jl8ges;https://www.scoresway.com/en_GB/soccer/primera-division-2024-2025/4x7uzww3jur4re7sgt3mslyj8/match/view/5ilutiy199xb72tzt92jl8ges/player-stats
376;2024-08-16Z;Las Palmas;Sevilla;;5g3vemb94j4xdrnwt6wkmsyz8;https://www.scoresway.com/en_GB/soccer/primera-division-2024-2025/4x7uzww3jur4re7sgt3mslyj8/match/view/5g3vemb94j4xdrnwt6wkmsyz8/player-stats
377;2024-08-16Z;Celta de Vigo;Deportivo Alavés;;5i2tjytubfo8jgi6mockkrkt0;https://www.scoresway.com/en_GB/soccer/primera-division-2024-2025/4x7uzww3jur4re7sgt3mslyj8/match/view/5i2tjytubfo8jgi6mockkrkt0/player-stats
378;2024-08-15Z;Real Betis;Girona;;5f3ska55qwluoz1kkft477das;https://www.scoresway.com/en_GB/soccer/primera-division-2024-2025/4x7uzww3jur4re7sgt3mslyj8/match/view/5f3ska55qwluoz1kkft477das/player-stats
379;2024-08-15Z;Athletic Club;Getafe;;5ei8cjo15u5k6qgqims0rsutw;https://www.scoresway.com/en_GB/soccer/primera-division-2024-2025/4x7uzww3jur4re7sgt3mslyj8/match/view/5ei8cjo15u5k6qgqims0rsutw/player-stats
